accel_x,accel_y,accel_z,gyro_x,gyro_y,gyro_z,label
1604240861.1255841,0.788818359375,-0.5345458984375,-0.0555419921875,2.7251908396946565,-21.045801526717558,-61.11450381679389,leg_in_crunch
1604240861.165584,0.783447265625,-0.5093994140625,0.001953125,11.488549618320612,-37.603053435114504,-68.36641221374046,leg_in_crunch
1604240861.205584,0.925537109375,-0.4332275390625,-0.0531005859375,3.16793893129771,-30.99236641221374,-70.94656488549619,leg_in_crunch
1604240861.245584,0.8857421875,-0.3614501953125,-0.1737060546875,5.679389312977099,-35.82442748091603,-71.58778625954199,leg_in_crunch
1604240861.285584,0.96337890625,-0.3463134765625,-0.0006103515625,2.717557251908397,-36.23664122137404,-76.22900763358778,leg_in_crunch
1604240861.325584,0.966552734375,-0.2889404296875,-0.2574462890625,-2.519083969465649,-45.16793893129771,-67.74045801526718,leg_in_crunch
1604240861.365584,1.05712890625,-0.2103271484375,-0.3585205078125,4.709923664122138,-60.06870229007634,-53.16030534351145,leg_in_crunch
1604240861.4055839,1.00830078125,-0.2989501953125,-0.4095458984375,9.305343511450381,-45.63358778625954,-45.969465648854964,leg_in_crunch
1604240861.4455838,1.135009765625,-0.2991943359375,-0.3060302734375,-0.7709923664122137,-17.00763358778626,-42.35114503816794,leg_in_crunch
1604240861.4855838,0.796875,-0.3013916015625,-0.1859130859375,-6.213740458015267,36.43511450381679,-62.61832061068702,leg_in_crunch
1604240861.5255837,1.131591796875,-0.2225341796875,-0.2811279296875,-5.564885496183206,24.72519083969466,-49.221374045801525,leg_in_crunch
1604240861.5655837,0.847412109375,-0.2894287109375,-0.1314697265625,-1.3511450381679388,51.64885496183206,-59.55725190839695,leg_in_crunch
1604240861.6055837,0.998291015625,-0.1732177734375,-0.0706787109375,-4.0534351145038165,21.80916030534351,-57.465648854961835,leg_in_crunch
1604240861.6455836,0.93701171875,-0.1126708984375,-0.2806396484375,-4.1603053435114505,-37.213740458015266,-24.938931297709924,leg_in_crunch
1604240861.6855836,1.227783203125,-0.0706787109375,-0.1492919921875,-7.267175572519084,-50.41984732824427,-9.916030534351146,leg_in_crunch
1604240861.7255836,1.2783203125,-0.0819091796875,-0.2733154296875,-6.015267175572519,-14.19083969465649,-13.13740458015267,leg_in_crunch
1604240861.7655835,1.051025390625,-0.0836181640625,-0.2991943359375,-7.961832061068702,6.687022900763359,-7.106870229007634,leg_in_crunch
1604240861.8055835,1.05078125,-0.0841064453125,-0.2698974609375,-6.00763358778626,5.763358778625954,-0.9541984732824428,leg_in_crunch
1604240861.8455834,1.041748046875,-0.1158447265625,-0.3204345703125,-2.6564885496183206,1.1603053435114503,1.816793893129771,leg_in_crunch
1604240861.8855834,1.168212890625,-0.1519775390625,-0.3077392578125,-4.259541984732825,6.679389312977099,12.893129770992367,leg_in_crunch
1604240861.9255834,1.25048828125,-0.1505126953125,-0.2523193359375,-5.9541984732824424,24.061068702290076,32.2442748091603,leg_in_crunch
1604240861.9655833,1.239501953125,-0.1041259765625,-0.1258544921875,-4.33587786259542,28.259541984732824,47.56488549618321,leg_in_crunch
1604240862.0055833,1.199951171875,-0.0872802734375,-0.2008056640625,-0.816793893129771,17.053435114503817,55.31297709923664,leg_in_crunch
1604240862.0455832,1.095703125,-0.0538330078125,-0.1951904296875,5.557251908396947,-4.198473282442748,69.46564885496183,leg_in_crunch
1604240862.0855832,1.11474609375,-0.0953369140625,-0.2054443359375,-2.7099236641221376,4.694656488549619,91.01526717557252,leg_in_crunch
1604240862.1255832,1.10205078125,-0.1417236328125,-0.2598876953125,7.030534351145038,10.17557251908397,107.42748091603053,leg_in_crunch
1604240862.1655831,1.02392578125,-0.2860107421875,-0.2174072265625,15.389312977099237,15.702290076335878,113.40458015267176,leg_in_crunch
1604240862.205583,0.89599609375,-0.3255615234375,-0.1019287109375,15.465648854961833,12.274809160305344,115.13740458015268,leg_in_crunch
1604240862.245583,0.789794921875,-0.3865966796875,-0.1590576171875,16.46564885496183,12.16030534351145,114.19847328244275,leg_in_crunch
1604240862.285583,0.720947265625,-0.4722900390625,-0.1077880859375,20.389312977099237,0.33587786259541985,110.43511450381679,leg_in_crunch
1604240862.325583,0.635986328125,-0.5408935546875,-0.1756591796875,32.412213740458014,-2.2748091603053435,103.22900763358778,leg_in_crunch
1604240862.365583,0.754638671875,-0.6995849609375,-0.0345458984375,31.244274809160306,-12.603053435114504,94.58015267175573,leg_in_crunch
1604240862.405583,0.649169921875,-0.6553955078125,-0.0679931640625,38.29770992366412,26.770992366412212,99.70229007633588,leg_in_crunch
1604240862.4455829,0.618408203125,-0.7708740234375,-0.0616455078125,23.412213740458014,33.74045801526717,67.62595419847328,leg_in_crunch
1604240862.4855828,0.35693359375,-0.8375244140625,-0.0206298828125,10.099236641221374,17.763358778625953,38.16030534351145,leg_in_crunch
1604240862.5255828,0.363525390625,-0.8875732421875,0.035400390625,-3.053435114503817,3.9770992366412212,18.480916030534353,leg_in_crunch
1604240862.5655828,0.36083984375,-0.9405517578125,0.034912109375,-16.427480916030536,0.15267175572519084,-5.717557251908397,leg_in_crunch
1604240862.6055827,0.350830078125,-0.9639892578125,-0.0025634765625,-20.763358778625953,0.9541984732824428,-23.64885496183206,leg_in_crunch
1604240862.6455827,0.565673828125,-0.9190673828125,0.0302734375,-22.87786259541985,-9.34351145038168,-41.603053435114504,leg_in_crunch
1604240862.6855826,0.504150390625,-0.8238525390625,-0.0557861328125,-19.53435114503817,8.603053435114504,-61.43511450381679,leg_in_crunch
1604240862.7255826,0.622802734375,-0.8099365234375,-0.0740966796875,-12.916030534351146,-8.236641221374045,-70.55725190839695,leg_in_crunch
1604240862.7655826,0.747802734375,-0.6475830078125,-0.1080322265625,-8.312977099236642,3.5419847328244276,-80.21374045801527,leg_in_crunch
1604240862.8055825,0.73291015625,-0.6300048828125,-0.1273193359375,1.8015267175572518,3.4580152671755724,-84.44274809160305,leg_in_crunch
1604240862.8455825,0.73291015625,-0.5743408203125,-0.1737060546875,14.633587786259541,-12.534351145038167,-83.87786259541984,leg_in_crunch
1604240862.8855824,0.85498046875,-0.5482177734375,-0.0604248046875,11.732824427480915,-33.43511450381679,-84.0,leg_in_crunch
1604240862.9255824,0.912353515625,-0.4097900390625,-0.1383056640625,6.1603053435114505,-32.603053435114504,-74.69465648854961,leg_in_crunch
1604240862.9655824,0.993896484375,-0.4097900390625,-0.1026611328125,12.80916030534351,-34.83969465648855,-73.20610687022901,leg_in_crunch
1604240863.0055823,1.005859375,-0.3582763671875,-0.2879638671875,2.572519083969466,-23.114503816793892,-54.083969465648856,leg_in_crunch
1604240863.0455823,1.022705078125,-0.4114990234375,-0.0413818359375,-6.175572519083969,-42.06870229007634,-63.29770992366412,leg_in_crunch
1604240863.0855823,0.777587890625,-0.1527099609375,-0.2921142578125,7.557251908396947,-46.14503816793893,-41.99236641221374,leg_in_crunch
1604240863.1255822,1.008056640625,-0.3070068359375,-0.2935791015625,-2.763358778625954,-35.396946564885496,-39.86259541984733,leg_in_crunch
1604240863.1655822,0.922607421875,-0.4464111328125,-0.2864990234375,1.2900763358778626,-11.946564885496183,-47.37404580152672,leg_in_crunch
1604240863.2055821,1.09716796875,-0.3660888671875,-0.3162841796875,11.916030534351146,-11.419847328244275,-44.38931297709924,leg_in_crunch
1604240863.245582,1.280029296875,-0.2962646484375,-0.2249755859375,4.893129770992366,44.343511450381676,-50.595419847328245,leg_in_crunch
1604240863.285582,1.10107421875,-0.2073974609375,-0.0831298828125,2.5419847328244276,64.06106870229007,-48.44274809160305,leg_in_crunch
1604240863.325582,0.732177734375,-0.2833251953125,-0.0677490234375,-1.1755725190839694,15.335877862595419,-34.70992366412214,leg_in_crunch
1604240863.365582,0.873291015625,-0.1925048828125,-0.0501708984375,-8.625954198473282,-36.343511450381676,-10.877862595419847,leg_in_crunch
1604240863.405582,1.028076171875,-0.2210693359375,-0.2034912109375,-5.511450381679389,-62.74809160305343,-4.7251908396946565,leg_in_crunch
1604240863.445582,1.177490234375,-0.2425537109375,-0.2867431640625,-8.244274809160306,-33.2442748091603,-10.740458015267176,leg_in_crunch
1604240863.4855819,1.14404296875,-0.2254638671875,-0.2818603515625,-2.7404580152671754,2.816793893129771,-16.061068702290076,leg_in_crunch
1604240863.5255818,1.02978515625,-0.2078857421875,-0.2679443359375,-8.083969465648854,13.893129770992367,-13.946564885496183,leg_in_crunch
1604240863.5655818,0.971923828125,-0.2169189453125,-0.2281494140625,-3.3969465648854964,9.801526717557252,-15.404580152671755,leg_in_crunch
1604240863.6055818,1.000244140625,-0.1654052734375,-0.2615966796875,-4.351145038167939,-1.3282442748091603,-13.526717557251908,leg_in_crunch
1604240863.6455817,1.13818359375,-0.1527099609375,-0.2415771484375,-7.343511450381679,5.938931297709924,-2.2442748091603053,leg_in_crunch
1604240863.6855817,1.190673828125,-0.1746826171875,-0.2413330078125,-12.427480916030534,16.557251908396946,10.282442748091603,leg_in_crunch
1604240863.7255816,1.21875,-0.1336669921875,-0.2117919921875,-14.099236641221374,15.709923664122137,22.053435114503817,leg_in_crunch
1604240863.7655816,1.239990234375,-0.1561279296875,-0.2606201171875,-3.4885496183206106,17.419847328244273,33.69465648854962,leg_in_crunch
1604240863.8055816,1.202392578125,-0.0731201171875,-0.1995849609375,-5.175572519083969,23.259541984732824,49.38167938931298,leg_in_crunch
1604240863.8455815,1.121337890625,-0.0452880859375,-0.1785888671875,-11.106870229007633,25.33587786259542,64.6793893129771,leg_in_crunch
1604240863.8855815,1.067626953125,-0.1378173828125,-0.1697998046875,-8.763358778625955,15.076335877862595,84.07633587786259,leg_in_crunch
1604240863.9255815,1.04638671875,-0.3052978515625,-0.1883544921875,0.366412213740458,12.961832061068701,99.44274809160305,leg_in_crunch
1604240863.9655814,0.974609375,-0.2999267578125,-0.1158447265625,5.648854961832061,28.801526717557252,107.48091603053435,leg_in_crunch
1604240864.0055814,0.792724609375,-0.3900146484375,-0.1373291015625,13.061068702290076,21.03053435114504,104.44274809160305,leg_in_crunch
1604240864.0455813,0.7275390625,-0.4232177734375,-0.0306396484375,27.022900763358777,-1.5267175572519085,113.83206106870229,leg_in_crunch
1604240864.0855813,0.79931640625,-0.5289306640625,-0.0672607421875,29.557251908396946,7.099236641221374,120.43511450381679,leg_in_crunch
1604240864.1255813,0.7001953125,-0.5953369140625,-0.0540771484375,37.541984732824424,1.4274809160305344,121.81679389312977,leg_in_crunch
1604240864.1655812,0.7216796875,-0.6036376953125,0.037109375,35.732824427480914,15.358778625954198,138.86259541984734,leg_in_crunch
1604240864.2055812,0.621826171875,-0.6756591796875,0.060546875,8.221374045801527,38.80152671755725,82.4885496183206,leg_in_crunch
1604240864.2455812,0.630615234375,-0.8004150390625,0.033935546875,-4.595419847328245,36.48854961832061,53.0,leg_in_crunch
1604240864.285581,0.302978515625,-0.9041748046875,0.058349609375,-8.648854961832061,1.0687022900763359,25.16030534351145,leg_in_crunch
1604240864.325581,0.35205078125,-0.9505615234375,-0.0137939453125,-18.18320610687023,-4.213740458015267,-0.1297709923664122,leg_in_crunch
1604240864.365581,0.388916015625,-0.9803466796875,-0.0772705078125,-18.755725190839694,-3.198473282442748,-17.61832061068702,leg_in_crunch
1604240864.405581,0.4599609375,-0.9530029296875,-0.0660400390625,-9.465648854961833,-1.8015267175572518,-25.053435114503817,leg_in_crunch
1604240864.445581,0.546142578125,-0.9364013671875,-0.0833740234375,0.7938931297709924,1.2442748091603053,-28.778625954198475,leg_in_crunch
1604240864.485581,0.624755859375,-0.8104248046875,-0.0994873046875,10.893129770992367,2.854961832061069,-33.41984732824427,leg_in_crunch
1604240864.525581,0.678955078125,-0.8040771484375,-0.0045166015625,5.1603053435114505,8.564885496183207,-44.37404580152672,leg_in_crunch
1604240864.5655808,0.6767578125,-0.6854248046875,-0.0904541015625,7.595419847328245,18.64885496183206,-59.30534351145038,leg_in_crunch
1604240864.6055808,0.630615234375,-0.7210693359375,0.049560546875,13.312977099236642,-16.16030534351145,-68.0381679389313,leg_in_crunch
1604240864.6455808,0.710205078125,-0.6370849609375,0.035400390625,5.129770992366412,-7.076335877862595,-73.93893129770993,leg_in_crunch
1604240864.6855807,0.764404296875,-0.5909423828125,-0.0267333984375,17.404580152671755,-9.259541984732824,-69.21374045801527,leg_in_crunch
1604240864.7255807,0.8466796875,-0.5496826171875,0.119384765625,17.297709923664122,-29.358778625954198,-76.50381679389314,leg_in_crunch
1604240864.7655807,0.81103515625,-0.4793701171875,-0.0296630859375,16.198473282442748,-21.83206106870229,-75.70992366412214,leg_in_crunch
1604240864.8055806,0.991943359375,-0.3809814453125,0.019287109375,9.366412213740459,-31.480916030534353,-76.90076335877863,leg_in_crunch
1604240864.8455806,1.008056640625,-0.4447021484375,0.019775390625,-5.068702290076335,-27.12213740458015,-89.16030534351145,leg_in_crunch
1604240864.8855805,0.90771484375,-0.3704833984375,-0.0975341796875,-2.50381679389313,-47.82442748091603,-67.99236641221374,leg_in_crunch
1604240864.9255805,1.010009765625,-0.3751220703125,-0.0814208984375,9.038167938931299,-64.46564885496183,-61.0763358778626,leg_in_crunch
1604240864.9655805,1.09423828125,-0.3424072265625,-0.2420654296875,0.37404580152671757,-46.770992366412216,-45.847328244274806,leg_in_crunch
1604240865.0055804,1.218017578125,-0.3470458984375,-0.2481689453125,-0.8015267175572519,4.32824427480916,-54.12213740458015,leg_in_crunch
1604240865.0455804,1.103515625,-0.1671142578125,-0.1988525390625,5.816793893129771,11.381679389312977,-45.86259541984733,leg_in_crunch
1604240865.0855803,1.096923828125,-0.2554931640625,-0.2154541015625,2.312977099236641,18.30534351145038,-28.709923664122137,leg_in_crunch
1604240865.1255803,1.2724609375,-0.2095947265625,0.09814453125,-1.3129770992366412,32.88549618320611,-22.954198473282442,leg_in_crunch
1604240865.1655803,0.95751953125,-0.2283935546875,0.009521484375,-6.587786259541985,16.3206106870229,-18.786259541984734,leg_in_crunch
1604240865.2055802,0.8408203125,-0.2254638671875,-0.0889892578125,-14.526717557251908,-44.76335877862596,0.04580152671755725,leg_in_crunch
1604240865.2455802,1.013671875,-0.2745361328125,-0.0899658203125,-16.770992366412212,-60.44274809160305,9.534351145038167,leg_in_crunch
1604240865.2855802,1.09521484375,-0.2574462890625,-0.2481689453125,-15.221374045801527,-34.3587786259542,-13.442748091603054,leg_in_crunch
1604240865.3255801,1.030029296875,-0.3135986328125,-0.2257080078125,-8.061068702290076,-3.5419847328244276,-23.27480916030534,leg_in_crunch
1604240865.36558,0.98876953125,-0.2711181640625,-0.2857666015625,-9.335877862595419,8.145038167938932,-20.251908396946565,leg_in_crunch
1604240865.40558,1.03466796875,-0.2276611328125,-0.1812744140625,-1.3587786259541985,13.473282442748092,-28.702290076335878,leg_in_crunch
1604240865.44558,1.03515625,-0.2064208984375,-0.2574462890625,-5.603053435114504,10.076335877862595,-18.96946564885496,leg_in_crunch
1604240865.48558,1.259033203125,-0.2208251953125,-0.1480712890625,-9.86259541984733,9.801526717557252,0.1450381679389313,leg_in_crunch
1604240865.52558,1.296630859375,-0.1544189453125,-0.1414794921875,-13.458015267175572,19.03053435114504,14.229007633587786,leg_in_crunch
1604240865.56558,1.228271484375,-0.1190185546875,-0.1405029296875,-13.793893129770993,6.702290076335878,36.37404580152672,leg_in_crunch
1604240865.6055799,1.2197265625,-0.1270751953125,-0.1656494140625,-14.98473282442748,5.847328244274809,60.3587786259542,leg_in_crunch
1604240865.6455798,1.2138671875,-0.1678466796875,-0.2418212890625,-14.13740458015267,7.908396946564886,82.91603053435115,leg_in_crunch
1604240865.6855798,1.187744140625,-0.1851806640625,-0.2493896484375,-8.526717557251908,21.938931297709924,99.45038167938931,leg_in_crunch
1604240865.7255797,0.9189453125,-0.2982177734375,-0.1134033203125,9.610687022900763,29.282442748091604,116.0381679389313,leg_in_crunch
1604240865.7655797,1.04638671875,-0.4427490234375,-0.0450439453125,7.0,53.2442748091603,153.44274809160305,leg_in_crunch
1604240865.8055797,0.74267578125,-0.4332275390625,-0.0841064453125,14.114503816793894,14.80916030534351,137.35114503816794,leg_in_crunch
1604240865.8455796,0.722900390625,-0.4581298828125,0.002197265625,13.374045801526718,1.381679389312977,145.21374045801528,leg_in_crunch
1604240865.8855796,0.6318359375,-0.6287841796875,-0.0672607421875,17.206106870229007,1.1145038167938932,111.86259541984732,leg_in_crunch
1604240865.9255795,0.629638671875,-0.6453857421875,-0.0687255859375,17.931297709923665,-16.977099236641223,97.79389312977099,leg_in_crunch
1604240865.9655795,1.135986328125,-1.5811767578125,0.0625,24.610687022900763,2.030534351145038,74.47328244274809,leg_in_crunch
1604240866.0055795,0.55810546875,-0.8240966796875,-0.0257568359375,3.3435114503816794,30.83206106870229,42.76335877862596,leg_in_crunch
1604240866.0455794,0.293212890625,-0.9298095703125,0.0224609375,-2.6106870229007635,2.450381679389313,26.083969465648856,leg_in_crunch
1604240866.0855794,0.3876953125,-0.9454345703125,0.021240234375,-7.259541984732825,-8.83969465648855,10.335877862595419,leg_in_crunch
1604240866.1255794,0.3115234375,-0.9786376953125,-0.0362548828125,-11.404580152671755,7.99236641221374,-8.610687022900763,leg_in_crunch
1604240866.1655793,0.34033203125,-0.9569091796875,-0.0120849609375,-10.0,-3.6564885496183206,-25.35114503816794,leg_in_crunch
1604240866.2055793,0.398193359375,-0.9146728515625,-0.0850830078125,-4.061068702290076,-9.251908396946565,-37.12977099236641,leg_in_crunch
1604240866.2455792,0.554443359375,-0.8455810546875,-0.0382080078125,-4.099236641221374,-4.763358778625954,-53.961832061068705,leg_in_crunch
1604240866.2855792,0.64501953125,-0.7728271484375,-0.0648193359375,-5.099236641221374,7.229007633587786,-63.770992366412216,leg_in_crunch
1604240866.3255792,0.642578125,-0.7030029296875,-0.0267333984375,-1.549618320610687,-4.5038167938931295,-74.40458015267176,leg_in_crunch
1604240866.3655791,0.6962890625,-0.6412353515625,-0.1805419921875,3.931297709923664,4.854961832061068,-74.08396946564885,leg_in_crunch
1604240866.405579,0.75732421875,-0.6319580078125,-0.1290283203125,8.114503816793894,-10.419847328244275,-73.49618320610686,leg_in_crunch
1604240866.445579,0.79638671875,-0.6195068359375,0.011474609375,23.954198473282442,-42.45038167938932,-77.6793893129771,leg_in_crunch
1604240866.485579,0.85888671875,-0.4112548828125,-0.1839599609375,3.6259541984732824,-4.679389312977099,-72.0,leg_in_crunch
1604240866.525579,0.963623046875,-0.4581298828125,0.017578125,13.145038167938932,-43.30534351145038,-79.35114503816794,leg_in_crunch
1604240866.565579,0.806396484375,-0.3958740234375,-0.1693115234375,23.396946564885496,-41.603053435114504,-71.70229007633588,leg_in_crunch
1604240866.605579,1.199951171875,-0.3819580078125,0.029052734375,4.961832061068702,-55.16793893129771,-66.77862595419847,leg_in_crunch
1604240866.6455789,1.060546875,-0.3836669921875,-0.1197509765625,0.7709923664122137,-38.86259541984733,-76.16030534351145,leg_in_crunch
1604240866.6855788,1.00439453125,-0.4195556640625,-0.2777099609375,1.0305343511450382,-7.8320610687022905,-61.45038167938932,leg_in_crunch
1604240866.7255788,1.090576171875,-0.4085693359375,-0.2247314453125,1.6946564885496183,4.419847328244275,-44.20610687022901,leg_in_crunch
1604240866.7655787,1.104736328125,-0.3463134765625,-0.1544189453125,2.6717557251908395,33.725190839694655,-53.13740458015267,leg_in_crunch
1604240866.8055787,0.95703125,-0.3433837890625,-0.0885009765625,4.259541984732825,36.404580152671755,-43.69465648854962,leg_in_crunch
1604240866.8455787,0.9775390625,-0.3089599609375,-0.0401611328125,4.656488549618321,0.26717557251908397,-44.603053435114504,leg_in_crunch
1604240866.8855786,1.015380859375,-0.1756591796875,-0.0157470703125,1.3129770992366412,0.11450381679389313,-21.053435114503817,leg_in_crunch
1604240866.9255786,0.99755859375,-0.2537841796875,0.013916015625,3.2595419847328246,-14.290076335877863,-17.27480916030534,leg_in_crunch
1604240866.9655786,0.937255859375,-0.2664794921875,-0.1636962890625,-2.4656488549618323,-44.68702290076336,1.3893129770992367,leg_in_crunch
1604240867.0055785,1.130615234375,-0.2525634765625,-0.1397705078125,-5.129770992366412,-48.770992366412216,9.854961832061068,leg_in_crunch
1604240867.0455785,1.12890625,-0.2469482421875,-0.2955322265625,-5.66412213740458,-17.229007633587788,-0.3816793893129771,leg_in_crunch
1604240867.0855784,1.063232421875,-0.2723388671875,-0.2259521484375,-3.2748091603053435,13.076335877862595,-7.778625954198473,leg_in_crunch
1604240867.1255784,1.017333984375,-0.2213134765625,-0.2083740234375,-5.190839694656488,17.603053435114504,-10.442748091603054,leg_in_crunch
1604240867.1655784,0.968017578125,-0.2052001953125,-0.1138916015625,-2.114503816793893,10.099236641221374,-8.908396946564885,leg_in_crunch
1604240867.2055783,1.008544921875,-0.2188720703125,-0.2039794921875,-10.633587786259541,-2.381679389312977,-0.5572519083969466,leg_in_crunch
1604240867.2455783,1.171875,-0.2091064453125,-0.1065673828125,-10.251908396946565,2.0610687022900764,6.374045801526718,leg_in_crunch
1604240867.2855783,1.2568359375,-0.2288818359375,-0.1207275390625,-15.534351145038167,18.83206106870229,14.870229007633588,leg_in_crunch
1604240867.3255782,1.142822265625,-0.2052001953125,-0.0775146484375,-19.31297709923664,3.969465648854962,32.89312977099237,leg_in_crunch
1604240867.3655782,1.17578125,-0.2156982421875,-0.1697998046875,-12.236641221374045,-9.549618320610687,56.10687022900763,leg_in_crunch
1604240867.4055781,1.184326171875,-0.2515869140625,-0.2325439453125,-9.580152671755725,-7.3816793893129775,81.12213740458016,leg_in_crunch
1604240867.445578,1.308349609375,-0.2645263671875,-0.3270263671875,2.5267175572519083,26.27480916030534,98.44274809160305,leg_in_crunch
1604240867.485578,1.032958984375,-0.3704833984375,-0.0958251953125,10.67175572519084,30.83969465648855,114.6030534351145,leg_in_crunch
1604240867.525578,0.906005859375,-0.3543701171875,-0.1075439453125,8.374045801526718,37.06106870229008,126.97709923664122,leg_in_crunch
1604240867.565578,0.794189453125,-0.4517822265625,-0.0574951171875,10.419847328244275,31.50381679389313,127.90839694656489,leg_in_crunch
1604240867.605578,0.7548828125,-0.5030517578125,-0.0867919921875,21.244274809160306,26.46564885496183,141.42748091603053,leg_in_crunch
1604240867.645578,0.595458984375,-0.6375732421875,0.015869140625,19.3206106870229,-7.4961832061068705,110.37404580152672,leg_in_crunch
1604240867.6855779,0.5791015625,-0.6502685546875,-0.0343017578125,21.84732824427481,-0.4198473282442748,106.61832061068702,leg_in_crunch
1604240867.7255778,1.660400390625,0.060302734375,0.296142578125,45.51908396946565,5.816793893129771,61.541984732824424,leg_in_crunch
1604240867.7655778,0.559326171875,-0.8382568359375,0.03759765625,1.7099236641221374,35.56488549618321,49.00763358778626,leg_in_crunch
1604240867.8055778,0.238037109375,-0.9210205078125,0.042236328125,-5.1679389312977095,15.618320610687023,29.099236641221374,leg_in_crunch
1604240867.8455777,0.279541015625,-0.9947509765625,0.074462890625,-11.16793893129771,-8.916030534351146,6.519083969465649,leg_in_crunch
1604240867.8855777,0.3056640625,-0.9910888671875,-0.0372314453125,-15.961832061068701,1.015267175572519,-17.99236641221374,leg_in_crunch
1604240867.9255776,0.315185546875,-0.9825439453125,-0.0450439453125,-12.374045801526718,-8.053435114503817,-33.23664122137404,leg_in_crunch
1604240867.9655776,0.462890625,-0.9007568359375,-0.0323486328125,-8.717557251908397,-4.442748091603053,-49.038167938931295,leg_in_crunch
1604240868.0055776,0.551513671875,-0.8211669921875,-0.0057373046875,-8.595419847328245,1.2671755725190839,-62.02290076335878,leg_in_crunch
1604240868.0455775,0.6474609375,-0.7811279296875,-0.0145263671875,-1.5267175572519085,-6.297709923664122,-71.17557251908397,leg_in_crunch
1604240868.0855775,0.65380859375,-0.7047119140625,-0.1151123046875,-0.05343511450381679,5.244274809160306,-76.26717557251908,leg_in_crunch
1604240868.1255774,0.667236328125,-0.6661376953125,-0.1063232421875,16.366412213740457,-19.068702290076335,-77.27480916030534,leg_in_crunch
1604240868.1655774,0.680419921875,-0.6068115234375,-0.1409912109375,9.954198473282442,-16.610687022900763,-82.58778625954199,leg_in_crunch
1604240868.2055774,0.87451171875,-0.5401611328125,0.010009765625,16.519083969465647,-41.41984732824427,-84.7175572519084,leg_in_crunch
1604240868.2455773,0.81982421875,-0.4573974609375,-0.1495361328125,20.450381679389313,-34.54961832061068,-88.44274809160305,leg_in_crunch
1604240868.2855773,0.900634765625,-0.4310302734375,-0.1497802734375,22.946564885496183,-62.48091603053435,-81.76335877862596,leg_in_crunch
1604240868.3255773,1.103515625,-0.3612060546875,-0.0740966796875,15.969465648854962,-50.19083969465649,-79.32824427480917,leg_in_crunch
1604240868.3655772,1.005859375,-0.4500732421875,-0.2191162109375,-3.877862595419847,-32.900763358778626,-82.3969465648855,leg_in_crunch
1604240868.4055772,1.116943359375,-0.3221435546875,-0.1431884765625,-3.2442748091603053,1.6793893129770991,-71.31297709923665,leg_in_crunch
1604240868.4455771,0.9560546875,-0.4000244140625,-0.1405029296875,-6.511450381679389,14.061068702290076,-64.37404580152672,leg_in_crunch
1604240868.485577,1.094482421875,-0.3297119140625,-0.1661376953125,-1.6259541984732824,8.557251908396946,-46.93129770992366,leg_in_crunch
1604240868.525577,1.06005859375,-0.2156982421875,-0.0667724609375,-4.8320610687022905,16.702290076335878,-56.47328244274809,leg_in_crunch
1604240868.565577,1.084228515625,-0.3475341796875,-0.0032958984375,-5.152671755725191,-4.587786259541985,-40.36641221374046,leg_in_crunch
1604240868.605577,1.075439453125,-0.2188720703125,-0.1029052734375,-8.908396946564885,-7.480916030534351,-21.30534351145038,leg_in_crunch
1604240868.645577,1.029296875,-0.2191162109375,-0.0850830078125,-13.381679389312977,-25.450381679389313,-0.7633587786259542,leg_in_crunch
1604240868.685577,1.063232421875,-0.2567138671875,-0.2305908203125,-15.65648854961832,-45.9236641221374,7.66412213740458,leg_in_crunch
1604240868.7255769,1.156005859375,-0.2686767578125,-0.2762451171875,-16.389312977099237,-18.16793893129771,3.1374045801526718,leg_in_crunch
1604240868.7655768,1.10595703125,-0.2366943359375,-0.2689208984375,-13.48091603053435,19.19083969465649,-8.48091603053435,leg_in_crunch
1604240868.8055768,0.9443359375,-0.2784423828125,-0.2037353515625,-10.618320610687023,28.137404580152673,-14.961832061068701,leg_in_crunch
1604240868.8455768,0.816162109375,-0.1907958984375,-0.1424560546875,-0.061068702290076333,5.229007633587786,-19.984732824427482,leg_in_crunch
1604240868.8855767,0.958984375,-0.2210693359375,-0.1588134765625,-1.0305343511450382,-5.740458015267175,-20.763358778625953,leg_in_crunch
1604240868.9255767,1.10791015625,-0.1571044921875,-0.2110595703125,-0.7709923664122137,-6.427480916030534,-17.46564885496183,leg_in_crunch
1604240868.9655766,1.306640625,-0.2325439453125,-0.2396240234375,-8.618320610687023,6.465648854961832,-2.9160305343511452,leg_in_crunch
1604240869.0055766,1.31103515625,-0.1282958984375,-0.1561279296875,-11.931297709923664,10.106870229007633,16.259541984732824,leg_in_crunch
1604240869.0455766,1.2880859375,-0.1378173828125,-0.1761474609375,-12.297709923664122,11.290076335877863,39.900763358778626,leg_in_crunch
1604240869.0855765,1.218017578125,-0.1361083984375,-0.2149658203125,-3.0229007633587788,0.09923664122137404,58.17557251908397,leg_in_crunch
1604240869.1255765,1.1650390625,-0.1590576171875,-0.2369384765625,3.0076335877862594,2.8702290076335877,78.6412213740458,leg_in_crunch
1604240869.1655765,1.212158203125,-0.1829833984375,-0.2435302734375,13.183206106870228,41.74045801526717,105.20610687022901,leg_in_crunch
1604240869.2055764,1.0322265625,-0.2713623046875,-0.0728759765625,23.763358778625953,28.82442748091603,123.7557251908397,leg_in_crunch
1604240869.2455764,0.880859375,-0.3209228515625,-0.0352783203125,14.83969465648855,30.923664122137403,126.44274809160305,leg_in_crunch
1604240869.2855763,0.818603515625,-0.3883056640625,-0.0635986328125,9.961832061068701,47.267175572519086,141.4351145038168,leg_in_crunch
1604240869.3255763,0.708984375,-0.5360107421875,-0.0133056640625,14.13740458015267,18.564885496183205,136.22137404580153,leg_in_crunch
1604240869.3655763,0.56689453125,-0.5753173828125,-0.1334228515625,33.06870229007634,18.00763358778626,119.41221374045801,leg_in_crunch
1604240869.4055762,0.59716796875,-0.6805419921875,0.044677734375,26.053435114503817,-10.587786259541986,106.34351145038168,leg_in_crunch
1604240869.4455762,0.470458984375,-0.7239990234375,-0.0084228515625,11.618320610687023,-22.946564885496183,64.6793893129771,leg_in_crunch
1604240869.4855762,0.527587890625,-0.7681884765625,0.097412109375,6.877862595419847,29.17557251908397,49.99236641221374,leg_in_crunch
1604240869.525576,0.269775390625,-0.8834228515625,0.108642578125,-10.030534351145038,10.549618320610687,22.549618320610687,leg_in_crunch
1604240869.565576,0.32861328125,-0.9537353515625,0.07373046875,-21.374045801526716,-3.9236641221374047,0.9923664122137404,leg_in_crunch
1604240869.605576,0.355712890625,-0.9366455078125,0.02197265625,-22.389312977099237,-1.4732824427480915,-20.0381679389313,leg_in_crunch
1604240869.645576,0.37939453125,-0.9698486328125,0.033447265625,-16.763358778625953,-4.297709923664122,-31.66412213740458,leg_in_crunch
1604240869.685576,0.498046875,-0.9080810546875,0.021240234375,-10.740458015267176,-1.2748091603053435,-42.83969465648855,leg_in_crunch
1604240869.725576,0.53369140625,-0.8104248046875,0.02001953125,-12.17557251908397,5.679389312977099,-48.68702290076336,leg_in_crunch
1604240869.765576,0.617919921875,-0.7821044921875,0.10595703125,-10.274809160305344,-7.3893129770992365,-56.66412213740458,leg_in_crunch
1604240869.8055758,0.583984375,-0.7230224609375,-0.1810302734375,-3.3587786259541983,4.320610687022901,-65.37404580152672,leg_in_crunch
1604240869.8455758,0.79345703125,-0.6827392578125,0.068603515625,6.106870229007634,-43.83206106870229,-68.9618320610687,leg_in_crunch
1604240869.8855758,0.636962890625,-0.5460205078125,-0.2901611328125,11.007633587786259,5.00763358778626,-74.48091603053435,leg_in_crunch
1604240869.9255757,0.97021484375,-0.6226806640625,0.046142578125,13.931297709923664,-39.229007633587784,-82.32824427480917,leg_in_crunch
1604240869.9655757,0.746337890625,-0.4852294921875,-0.0740966796875,13.755725190839694,-38.595419847328245,-80.23664122137404,leg_in_crunch
1604240870.0055757,0.940185546875,-0.4525146484375,0.03271484375,6.984732824427481,-56.9236641221374,-79.86259541984732,leg_in_crunch
1604240870.0455756,0.941650390625,-0.3819580078125,-0.1534423828125,5.763358778625954,-42.93129770992366,-74.47328244274809,leg_in_crunch
1604240870.0855756,0.98681640625,-0.4244384765625,-0.2056884765625,-3.816793893129771,-36.725190839694655,-71.00763358778626,leg_in_crunch
1604240870.1255755,1.07958984375,-0.4122314453125,-0.1209716796875,0.9541984732824428,-46.51145038167939,-74.10687022900764,leg_in_crunch
1604240870.1655755,1.04052734375,-0.4195556640625,-0.2232666015625,-8.969465648854962,7.587786259541985,-56.43511450381679,leg_in_crunch
1604240870.2055755,1.12255859375,-0.4166259765625,-0.1905517578125,1.2748091603053435,14.267175572519085,-58.06106870229008,leg_in_crunch
1604240870.2455754,1.0654296875,-0.3114013671875,-0.1185302734375,2.5267175572519083,33.49618320610687,-46.12213740458015,leg_in_crunch
1604240870.2855754,1.01318359375,-0.2620849609375,-0.0526123046875,-1.4580152671755726,14.770992366412214,-40.229007633587784,leg_in_crunch
1604240870.3255754,1.011474609375,-0.2586669921875,-0.0401611328125,-6.900763358778626,0.32061068702290074,-23.31297709923664,leg_in_crunch
1604240870.3655753,0.970947265625,-0.2545166015625,-0.1295166015625,-10.992366412213741,-24.198473282442748,-2.7099236641221376,leg_in_crunch
1604240870.4055753,1.011474609375,-0.2828369140625,-0.2008056640625,-13.01526717557252,-42.16793893129771,7.541984732824427,leg_in_crunch
1604240870.4455752,1.092529296875,-0.3033447265625,-0.2008056640625,-14.580152671755725,-31.610687022900763,2.732824427480916,leg_in_crunch
1604240870.4855752,1.0380859375,-0.2940673828125,-0.2606201171875,-8.213740458015268,-2.236641221374046,-10.068702290076336,leg_in_crunch
1604240870.5255752,0.955078125,-0.3048095703125,-0.1983642578125,-12.717557251908397,17.778625954198475,-14.572519083969466,leg_in_crunch
1604240870.5655751,0.918212890625,-0.2220458984375,-0.1859130859375,0.08396946564885496,0.9847328244274809,-25.3206106870229,leg_in_crunch
1604240870.605575,0.9482421875,-0.2969970703125,-0.2171630859375,-1.6641221374045803,4.106870229007634,-23.15267175572519,leg_in_crunch
1604240870.645575,1.020751953125,-0.1995849609375,-0.2237548828125,-1.1374045801526718,-8.19083969465649,-20.251908396946565,leg_in_crunch
1604240870.685575,1.1796875,-0.2003173828125,-0.2230224609375,-1.0687022900763359,5.122137404580153,-16.17557251908397,leg_in_crunch
1604240870.725575,1.225341796875,-0.2425537109375,-0.2540283203125,-10.679389312977099,19.076335877862597,-3.9083969465648853,leg_in_crunch
1604240870.765575,1.249755859375,-0.1290283203125,-0.0977783203125,-11.19083969465649,14.641221374045802,12.618320610687023,leg_in_crunch
1604240870.805575,1.2177734375,-0.1002197265625,-0.1268310546875,-14.412213740458014,2.0229007633587788,34.603053435114504,leg_in_crunch
1604240870.8455749,1.2216796875,-0.1695556640625,-0.1719970703125,-11.702290076335878,-2.015267175572519,55.656488549618324,leg_in_crunch
1604240870.8855748,1.199462890625,-0.1715087890625,-0.2391357421875,5.435114503816794,-0.183206106870229,72.32824427480917,leg_in_crunch
1604240870.9255748,1.298583984375,-0.2266845703125,-0.2457275390625,5.648854961832061,69.7175572519084,137.12213740458014,leg_in_crunch
1604240870.9655747,1.01708984375,-0.2957763671875,-0.1715087890625,9.816793893129772,38.55725190839695,119.89312977099236,leg_in_crunch
1604240871.0055747,0.8701171875,-0.3399658203125,-0.0621337890625,6.580152671755725,31.48854961832061,126.8854961832061,leg_in_crunch
1604240871.0455747,0.90283203125,-0.4227294921875,-0.1324462890625,19.900763358778626,42.221374045801525,141.89312977099237,leg_in_crunch
1604240871.0855746,0.776611328125,-0.5010986328125,0.02685546875,17.908396946564885,17.984732824427482,128.22137404580153,leg_in_crunch
1604240871.1255746,0.54296875,-0.5189208984375,-0.0240478515625,23.84732824427481,10.053435114503817,118.22137404580153,leg_in_crunch
1604240871.1655746,0.611083984375,-0.6353759765625,-0.0242919921875,16.870229007633586,-15.061068702290076,102.6030534351145,leg_in_crunch
1604240871.2055745,0.549560546875,-0.6568603515625,0.091796875,0.9923664122137404,-120.10687022900764,79.7175572519084,leg_in_crunch
1604240871.2455745,0.507080078125,-0.7984619140625,0.064453125,1.2213740458015268,27.251908396946565,48.16793893129771,leg_in_crunch
1604240871.2855744,0.3271484375,-0.9195556640625,0.085205078125,-9.389312977099237,8.045801526717558,24.702290076335878,leg_in_crunch
1604240871.3255744,0.345947265625,-0.9774169921875,-0.0523681640625,-13.916030534351146,2.0,7.358778625954199,leg_in_crunch
1604240871.3655744,0.311279296875,-0.9671630859375,-0.0106201171875,-12.412213740458014,1.633587786259542,-10.526717557251908,leg_in_crunch
1604240871.4055743,0.394775390625,-1.0462646484375,0.027587890625,-4.129770992366412,-0.6030534351145038,-24.396946564885496,leg_in_crunch
1604240871.4455743,0.40673828125,-0.8675537109375,-0.0230712890625,-7.068702290076335,3.954198473282443,-40.87022900763359,leg_in_crunch
1604240871.4855742,0.492919921875,-0.8375244140625,0.025390625,-8.65648854961832,0.9847328244274809,-49.70992366412214,leg_in_crunch
1604240871.5255742,0.6513671875,-0.7423095703125,0.010986328125,-8.32824427480916,11.374045801526718,-63.88549618320611,leg_in_crunch
1604240871.5655742,0.664306640625,-0.7449951171875,0.070556640625,-3.1755725190839694,-11.335877862595419,-72.63358778625954,leg_in_crunch
1604240871.6055741,0.656982421875,-0.6551513671875,-0.0584716796875,-1.4580152671755726,-2.312977099236641,-74.25954198473282,leg_in_crunch
1604240871.645574,0.791259765625,-0.6248779296875,-0.0186767578125,9.366412213740459,-21.49618320610687,-75.34351145038168,leg_in_crunch
1604240871.685574,0.748779296875,-0.5374755859375,-0.0155029296875,9.679389312977099,-33.19083969465649,-77.20610687022901,leg_in_crunch
1604240871.725574,0.83837890625,-0.4451904296875,-0.1517333984375,9.358778625954198,-31.946564885496183,-73.12213740458016,leg_in_crunch
1604240871.765574,0.885498046875,-0.4796142578125,-0.0367431640625,17.412213740458014,-55.282442748091604,-80.45801526717557,leg_in_crunch
1604240871.805574,0.866455078125,-0.3607177734375,-0.2366943359375,7.755725190839694,-45.86259541984733,-69.09923664122137,leg_in_crunch
1604240871.845574,1.138427734375,-0.3604736328125,-0.1566162109375,2.5114503816793894,-54.595419847328245,-74.73282442748092,leg_in_crunch
1604240871.8855739,0.9306640625,-0.4080810546875,-0.1746826171875,-12.541984732824428,-25.9618320610687,-77.65648854961832,leg_in_crunch
1604240871.9255738,1.176025390625,-0.4320068359375,-0.2440185546875,-4.015267175572519,-20.68702290076336,-49.282442748091604,leg_in_crunch
1604240871.9655738,1.05322265625,-0.3917236328125,-0.1678466796875,-6.374045801526718,12.282442748091603,-67.12977099236642,leg_in_crunch
1604240872.0055737,1.060546875,-0.2703857421875,-0.2122802734375,4.8320610687022905,11.86259541984733,-43.274809160305345,leg_in_crunch
1604240872.0455737,1.10400390625,-0.3656005859375,-0.1087646484375,-0.6793893129770993,10.763358778625955,-46.05343511450382,leg_in_crunch
1604240872.0855737,1.03564453125,-0.1995849609375,-0.0567626953125,-2.312977099236641,21.65648854961832,-28.068702290076335,leg_in_crunch
1604240872.1255736,0.9541015625,-0.2823486328125,-0.1265869140625,-7.480916030534351,-2.954198473282443,-10.381679389312977,leg_in_crunch
1604240872.1655736,0.94140625,-0.2633056640625,-0.1505126953125,-9.381679389312977,-35.41984732824427,0.1984732824427481,leg_in_crunch
1604240872.2055736,1.133056640625,-0.2838134765625,-0.2161865234375,-5.801526717557252,-34.396946564885496,4.679389312977099,leg_in_crunch
1604240872.2455735,1.138427734375,-0.2950439453125,-0.2720947265625,-3.946564885496183,-0.5572519083969466,-4.450381679389313,leg_in_crunch
1604240872.2855735,0.992431640625,-0.2957763671875,-0.1702880859375,-1.8549618320610688,21.916030534351144,-11.16030534351145,leg_in_crunch
1604240872.3255734,0.890625,-0.2401123046875,-0.1712646484375,-4.083969465648855,9.618320610687023,-12.19083969465649,leg_in_crunch
1604240872.3655734,0.942626953125,-0.2315673828125,-0.1182861328125,-1.183206106870229,0.31297709923664124,-14.816793893129772,leg_in_crunch
1604240872.4055734,0.998779296875,-0.2476806640625,-0.1939697265625,-0.6412213740458015,-6.778625954198473,-11.893129770992367,leg_in_crunch
1604240872.4455733,1.05224609375,-0.1593017578125,-0.1163330078125,-2.183206106870229,-1.702290076335878,-12.793893129770993,leg_in_crunch
1604240872.4855733,1.066162109375,-0.2330322265625,-0.2132568359375,-6.022900763358779,6.480916030534351,-14.83969465648855,leg_in_crunch
1604240872.5255733,1.1796875,-0.2376708984375,-0.2359619140625,-13.992366412213741,10.786259541984732,-4.549618320610687,leg_in_crunch
1604240872.5655732,1.21875,-0.1654052734375,-0.1575927734375,-15.213740458015268,11.557251908396946,7.435114503816794,leg_in_crunch
1604240872.6055732,1.179931640625,-0.1700439453125,-0.1527099609375,-10.19083969465649,0.9389312977099237,24.83969465648855,leg_in_crunch
1604240872.6455731,1.1953125,-0.1934814453125,-0.1798095703125,-8.870229007633588,5.305343511450381,41.2442748091603,leg_in_crunch
1604240872.685573,1.2353515625,-0.1661376953125,-0.2313232421875,-8.49618320610687,16.48854961832061,64.98473282442748,leg_in_crunch
1604240872.725573,1.241455078125,-0.1566162109375,-0.1793212890625,-4.015267175572519,33.19083969465649,85.90839694656489,leg_in_crunch
1604240872.765573,1.078369140625,-0.1412353515625,-0.2425537109375,52.29770992366412,116.6793893129771,187.5114503816794,leg_in_crunch
1604240872.805573,1.05908203125,-0.3101806640625,-0.2059326171875,19.389312977099237,50.404580152671755,130.73282442748092,leg_in_crunch
1604240872.845573,0.921630859375,-0.3436279296875,-0.0093994140625,18.61832061068702,40.19847328244275,133.38931297709922,leg_in_crunch
1604240872.885573,0.6904296875,-0.4246826171875,0.0302734375,28.931297709923665,16.51145038167939,143.8854961832061,leg_in_crunch
1604240872.9255729,0.698486328125,-0.5386962890625,0.11865234375,27.83969465648855,-8.450381679389313,121.53435114503817,leg_in_crunch
1604240872.9655728,0.53857421875,-0.5677490234375,0.029541015625,25.38167938931298,-0.5725190839694656,114.94656488549619,leg_in_crunch
1604240873.0055728,0.567138671875,-0.6678466796875,0.022216796875,18.633587786259543,-4.106870229007634,91.43511450381679,leg_in_crunch
1604240873.0455728,0.606689453125,-0.7760009765625,0.070556640625,2.1908396946564888,24.9618320610687,57.85496183206107,leg_in_crunch
1604240873.0855727,0.270263671875,-0.8355712890625,0.142578125,-18.50381679389313,20.85496183206107,21.16030534351145,leg_in_crunch
1604240873.1255727,0.217529296875,-0.9119873046875,0.086181640625,-20.572519083969464,-11.374045801526718,-4.519083969465649,leg_in_crunch
1604240873.1655726,0.436767578125,-0.9627685546875,0.045166015625,-33.213740458015266,-6.3893129770992365,-25.793893129770993,leg_in_crunch
1604240873.2055726,0.4482421875,-0.9381103515625,-0.0137939453125,-21.099236641221374,1.8091603053435115,-34.954198473282446,leg_in_crunch
1604240873.2455726,0.49072265625,-0.9105224609375,0.00732421875,-11.732824427480915,-6.3816793893129775,-37.54961832061068,leg_in_crunch
1604240873.2855725,0.584228515625,-0.8568115234375,-0.0477294921875,-1.7557251908396947,-2.9389312977099236,-39.778625954198475,leg_in_crunch
1604240873.3255725,0.658935546875,-0.7540283203125,-0.0408935546875,1.5801526717557253,0.12213740458015267,-45.10687022900763,leg_in_crunch
1604240873.3655725,0.71533203125,-0.7030029296875,-0.0584716796875,1.6564885496183206,6.068702290076335,-50.2442748091603,leg_in_crunch
1604240873.4055724,0.745361328125,-0.6900634765625,0.009765625,3.3587786259541983,-1.8473282442748091,-53.786259541984734,leg_in_crunch
1604240873.4455724,0.708984375,-0.6505126953125,-0.0091552734375,5.656488549618321,-1.8625954198473282,-61.954198473282446,leg_in_crunch
1604240873.4855723,0.747314453125,-0.6419677734375,0.002685546875,6.229007633587786,-21.557251908396946,-66.37404580152672,leg_in_crunch
1604240873.5255723,0.754150390625,-0.5438232421875,0.018798828125,5.076335877862595,-23.50381679389313,-62.06870229007634,leg_in_crunch
1604240873.5655723,0.75390625,-0.5203857421875,-0.0789794921875,6.938931297709924,-25.50381679389313,-64.65648854961832,leg_in_crunch
1604240873.6055722,0.822265625,-0.4827880859375,-0.0101318359375,5.358778625954199,-52.58015267175573,-64.91603053435115,leg_in_crunch
1604240873.6455722,0.841552734375,-0.4747314453125,-0.2552490234375,22.17557251908397,-57.93129770992366,-70.22900763358778,leg_in_crunch
1604240873.6855721,1.056396484375,-0.4151611328125,0.0107421875,2.9770992366412212,-63.93893129770992,-73.80152671755725,leg_in_crunch
1604240873.725572,0.865234375,-0.3621826171875,-0.2481689453125,15.564885496183207,-66.22900763358778,-71.52671755725191,leg_in_crunch
1604240873.765572,1.158935546875,-0.3114013671875,-0.3175048828125,-6.625954198473282,-68.3969465648855,-69.89312977099236,leg_in_crunch
1604240873.805572,1.089599609375,-0.3551025390625,-0.3233642578125,-3.1603053435114505,-16.19083969465649,-67.14503816793894,leg_in_crunch
1604240873.845572,1.11328125,-0.2965087890625,-0.3018798828125,0.8091603053435115,-2.6259541984732824,-49.25954198473283,leg_in_crunch
1604240873.885572,1.12158203125,-0.2989501953125,-0.3343505859375,-0.3816793893129771,16.99236641221374,-43.70229007633588,leg_in_crunch
1604240873.925572,1.145751953125,-0.1951904296875,-0.2310791015625,3.4427480916030535,22.954198473282442,-38.25954198473283,leg_in_crunch
1604240873.9655719,1.147705078125,-0.2933349609375,-0.1590576171875,8.580152671755725,22.15267175572519,-21.480916030534353,leg_in_crunch
1604240874.0055718,1.09375,-0.2005615234375,-0.0450439453125,-1.9083969465648856,18.213740458015266,-6.67175572519084,leg_in_crunch
1604240874.0455718,0.968505859375,-0.2113037109375,-0.1322021484375,-0.1297709923664122,7.9465648854961835,-1.5190839694656488,leg_in_crunch
1604240874.0855718,0.935302734375,-0.2381591796875,-0.1861572265625,-11.01526717557252,-4.0458015267175576,9.450381679389313,leg_in_crunch
1604240874.1255717,1.058349609375,-0.2713623046875,-0.1995849609375,-5.625954198473282,-4.244274809160306,3.1526717557251906,leg_in_crunch
1604240874.1655717,1.061279296875,-0.2869873046875,-0.2027587890625,-7.206106870229007,14.320610687022901,-3.068702290076336,leg_in_crunch
1604240874.2055717,0.94580078125,-0.2156982421875,-0.0963134765625,-4.732824427480916,17.893129770992367,-7.511450381679389,leg_in_crunch
1604240874.2455716,0.8896484375,-0.2593994140625,-0.0994873046875,-9.282442748091603,11.01526717557252,-12.129770992366412,leg_in_crunch
1604240874.2855716,0.9365234375,-0.1966552734375,-0.1456298828125,-10.450381679389313,-0.46564885496183206,-17.96946564885496,leg_in_crunch
1604240874.3255715,1.024169921875,-0.2664794921875,-0.0980224609375,-5.8396946564885495,5.687022900763359,-18.916030534351144,leg_in_crunch
1604240874.3655715,0.988525390625,-0.2037353515625,-0.2034912109375,-3.6030534351145036,-10.778625954198473,-13.091603053435115,leg_in_crunch
1604240874.4055715,1.12890625,-0.1671142578125,-0.2108154296875,-2.786259541984733,-1.0916030534351144,-9.106870229007633,leg_in_crunch
1604240874.4455714,1.236328125,-0.2337646484375,-0.1883544921875,-9.572519083969466,9.702290076335878,-0.5114503816793893,leg_in_crunch
1604240874.4855714,1.2685546875,-0.1463623046875,-0.1563720703125,-12.49618320610687,12.50381679389313,14.17557251908397,leg_in_crunch
1604240874.5255713,1.19775390625,-0.1861572265625,-0.0946044921875,-13.618320610687023,9.053435114503817,30.519083969465647,leg_in_crunch
1604240874.5655713,1.166259765625,-0.1549072265625,-0.1400146484375,-11.595419847328245,-0.16030534351145037,52.961832061068705,leg_in_crunch
1604240874.6055713,1.12841796875,-0.1680908203125,-0.1666259765625,-3.4656488549618323,-2.9770992366412212,66.3969465648855,leg_in_crunch
1604240874.6455712,1.106689453125,-0.2208251953125,-0.0743408203125,2.33587786259542,5.351145038167939,93.90839694656489,leg_in_crunch
1604240874.6855712,1.14599609375,-0.2891845703125,-0.1527099609375,7.419847328244275,31.458015267175572,112.38931297709924,leg_in_crunch
1604240874.7255712,1.052001953125,-0.3397216796875,-0.1253662109375,7.114503816793893,43.083969465648856,121.94656488549619,leg_in_crunch
1604240874.765571,0.895263671875,-0.3853759765625,-0.0572509765625,16.03053435114504,43.33587786259542,131.0229007633588,leg_in_crunch
1604240874.805571,0.74072265625,-0.3973388671875,0.024658203125,25.259541984732824,31.16793893129771,133.01526717557252,leg_in_crunch
1604240874.845571,0.647705078125,-0.5279541015625,0.011962890625,24.732824427480917,4.923664122137405,123.6412213740458,leg_in_crunch
1604240874.885571,0.581787109375,-0.6781005859375,0.149658203125,17.908396946564885,4.961832061068702,117.2824427480916,leg_in_crunch
1604240874.925571,0.52587890625,-0.6561279296875,0.021728515625,24.17557251908397,-2.549618320610687,104.12213740458016,leg_in_crunch
1604240874.965571,0.553466796875,-0.7037353515625,0.11279296875,5.603053435114504,10.091603053435115,78.87022900763358,leg_in_crunch
1604240875.005571,0.25732421875,-0.7833251953125,0.0625,-7.534351145038168,22.633587786259543,47.16793893129771,leg_in_crunch
1604240875.0455709,0.292236328125,-0.9688720703125,0.14453125,-16.19083969465649,-4.938931297709924,21.885496183206108,leg_in_crunch
1604240875.0855708,0.27734375,-0.9710693359375,-0.1072998046875,-21.358778625954198,-1.7938931297709924,-5.8320610687022905,leg_in_crunch
1604240875.1255708,0.33935546875,-0.9971923828125,0.000732421875,-16.27480916030534,-4.198473282442748,-27.00763358778626,leg_in_crunch
1604240875.1655707,0.37841796875,-0.9639892578125,-0.0257568359375,-5.9465648854961835,-14.755725190839694,-45.6793893129771,leg_in_crunch
1604240875.2055707,0.55224609375,-0.8536376953125,0.036865234375,-9.98473282442748,0.10687022900763359,-55.36641221374046,leg_in_crunch
1604240875.2455707,0.60888671875,-0.7889404296875,0.03759765625,-8.198473282442748,0.22900763358778625,-61.534351145038165,leg_in_crunch
1604240875.2855706,0.638427734375,-0.7281494140625,-0.0050048828125,-3.5114503816793894,7.526717557251908,-71.78625954198473,leg_in_crunch
1604240875.3255706,0.704345703125,-0.6851806640625,-0.0552978515625,1.9083969465648856,-25.099236641221374,-67.77099236641222,leg_in_crunch
1604240875.3655705,0.732177734375,-0.6329345703125,-0.0328369140625,8.221374045801527,-12.076335877862595,-70.58778625954199,leg_in_crunch
1604240875.4055705,0.735595703125,-0.5877685546875,-0.0621337890625,10.49618320610687,-32.76335877862596,-68.66412213740458,leg_in_crunch
1604240875.4455705,0.8525390625,-0.5281982421875,0.038818359375,11.648854961832061,-39.2442748091603,-71.08396946564885,leg_in_crunch
1604240875.4855704,0.760986328125,-0.4539794921875,-0.2139892578125,14.396946564885496,-32.69465648854962,-70.48091603053435,leg_in_crunch
1604240875.5255704,1.039794921875,-0.4261474609375,-0.0147705078125,3.687022900763359,-49.29770992366412,-69.63358778625954,leg_in_crunch
1604240875.5655704,0.848876953125,-0.4569091796875,-0.0948486328125,16.908396946564885,-64.35114503816794,-76.96946564885496,leg_in_crunch
1604240875.6055703,0.942626953125,-0.4034423828125,-0.2406005859375,-0.6717557251908397,-39.587786259541986,-60.6793893129771,leg_in_crunch
1604240875.6455703,1.15869140625,-0.4466552734375,-0.2183837890625,-10.374045801526718,-3.49618320610687,-53.58015267175573,leg_in_crunch
1604240875.6855702,0.950439453125,-0.4776611328125,-0.1571044921875,-9.419847328244275,29.221374045801525,-66.6030534351145,leg_in_crunch
1604240875.7255702,0.906005859375,-0.4031982421875,-0.1993408203125,-0.1297709923664122,7.526717557251908,-59.2442748091603,leg_in_crunch
1604240875.7655702,1.10302734375,-0.3597412109375,-0.1348876953125,0.5572519083969466,3.122137404580153,-42.87786259541985,leg_in_crunch
1604240875.8055701,1.149169921875,-0.3094482421875,0.00439453125,-0.030534351145038167,9.19083969465649,-43.603053435114504,leg_in_crunch
1604240875.84557,0.9755859375,-0.3067626953125,-0.1282958984375,-5.5038167938931295,9.793893129770993,-28.580152671755727,leg_in_crunch
1604240875.88557,0.974609375,-0.2864990234375,-0.0784912109375,-11.297709923664122,-21.763358778625953,-11.694656488549619,leg_in_crunch
1604240875.92557,1.05517578125,-0.2628173828125,-0.1905517578125,-16.99236641221374,-49.083969465648856,-3.633587786259542,leg_in_crunch
1604240875.96557,1.078125,-0.2674560546875,-0.2093505859375,-8.122137404580153,-16.916030534351144,-7.9465648854961835,leg_in_crunch
1604240876.00557,1.005126953125,-0.2720947265625,-0.2362060546875,-7.557251908396947,7.259541984732825,-15.366412213740459,leg_in_crunch
1604240876.04557,0.929931640625,-0.2122802734375,-0.1976318359375,-4.824427480916031,8.335877862595419,-21.34351145038168,leg_in_crunch
1604240876.0855699,1.0166015625,-0.3109130859375,-0.1109619140625,1.3969465648854962,13.19083969465649,-27.435114503816795,leg_in_crunch
1604240876.1255698,0.974853515625,-0.1812744140625,-0.2156982421875,4.038167938931298,4.526717557251908,-24.778625954198475,leg_in_crunch
1604240876.1655698,1.092529296875,-0.1512451171875,-0.1549072265625,4.175572519083969,9.83969465648855,-25.236641221374047,leg_in_crunch
1604240876.2055697,1.107421875,-0.2210693359375,-0.1373291015625,2.122137404580153,11.122137404580153,-19.442748091603054,leg_in_crunch
1604240876.2455697,1.135986328125,-0.1739501953125,-0.0948486328125,2.8396946564885495,5.656488549618321,-3.4885496183206106,leg_in_crunch
1604240876.2855697,1.204833984375,-0.1488037109375,-0.1697998046875,-3.66412213740458,3.122137404580153,5.877862595419847,leg_in_crunch
1604240876.3255696,1.2998046875,-0.1351318359375,-0.1285400390625,-7.793893129770993,5.541984732824427,19.00763358778626,leg_in_crunch
1604240876.3655696,1.255615234375,-0.1007080078125,-0.1324462890625,-7.1679389312977095,-1.3435114503816794,45.47328244274809,leg_in_crunch
1604240876.4055696,1.191650390625,-0.2103271484375,-0.0203857421875,6.7251908396946565,-12.694656488549619,82.36641221374046,leg_in_crunch
1604240876.4455695,1.128662109375,-0.1702880859375,-0.1600341796875,-3.6717557251908395,8.465648854961833,102.93129770992367,leg_in_crunch
1604240876.4855695,1.208740234375,-0.2630615234375,-0.2655029296875,3.7251908396946565,37.83206106870229,117.01526717557252,leg_in_crunch
1604240876.5255694,1.14599609375,-0.3038330078125,-0.0545654296875,3.068702290076336,59.36641221374046,118.89312977099236,leg_in_crunch
1604240876.5655694,0.883544921875,-0.3504638671875,-0.1744384765625,10.931297709923664,58.221374045801525,124.17557251908397,leg_in_crunch
1604240876.6055694,0.751708984375,-0.4329833984375,-0.0338134765625,12.15267175572519,21.221374045801525,131.12213740458014,leg_in_crunch
1604240876.6455693,0.5478515625,-0.5887451171875,0.05322265625,22.938931297709924,-8.65648854961832,127.59541984732824,leg_in_crunch
1604240876.6855693,0.657470703125,-0.6859130859375,0.14208984375,18.419847328244273,-8.435114503816793,123.01526717557252,leg_in_crunch
1604240876.7255692,0.596435546875,-0.6519775390625,0.01953125,9.679389312977099,1.0916030534351144,96.30534351145039,leg_in_crunch
1604240876.7655692,-0.9373779296875,-1.6495361328125,-0.8194580078125,-3.0076335877862594,44.404580152671755,45.725190839694655,leg_in_crunch
1604240876.8055692,0.27978515625,-0.9151611328125,-0.0157470703125,-6.267175572519084,20.427480916030536,26.129770992366414,leg_in_crunch
1604240876.8455691,0.3134765625,-0.9481201171875,0.075927734375,-13.458015267175572,-4.00763358778626,-3.2900763358778624,leg_in_crunch
1604240876.885569,0.363525390625,-0.9425048828125,-0.0245361328125,-18.755725190839694,6.99236641221374,-26.251908396946565,leg_in_crunch
1604240876.925569,0.424072265625,-0.9854736328125,0.04931640625,-7.732824427480916,5.427480916030534,-38.213740458015266,leg_in_crunch
1604240876.965569,0.51318359375,-0.8685302734375,-0.0191650390625,-0.9694656488549618,6.595419847328245,-41.83969465648855,leg_in_crunch
1604240877.005569,0.584716796875,-0.8204345703125,0.0302734375,-2.114503816793893,3.5877862595419847,-47.725190839694655,leg_in_crunch
1604240877.045569,0.66455078125,-0.7081298828125,0.015380859375,0.40458015267175573,-6.0,-52.45038167938932,leg_in_crunch
1604240877.085569,0.75732421875,-0.7110595703125,-0.0738525390625,2.5267175572519083,4.0458015267175576,-54.412213740458014,leg_in_crunch
1604240877.1255689,0.780517578125,-0.6817626953125,0.041748046875,2.8396946564885495,-10.564885496183207,-65.00763358778626,leg_in_crunch
1604240877.1655688,0.73974609375,-0.5921630859375,-0.0521240234375,4.816793893129771,-4.656488549618321,-58.35114503816794,leg_in_crunch
1604240877.2055688,0.820068359375,-0.6224365234375,-0.0128173828125,14.870229007633588,-26.69465648854962,-61.13740458015267,leg_in_crunch
1604240877.2455688,0.792724609375,-0.5428466796875,-0.0877685546875,16.83206106870229,-36.9236641221374,-60.80152671755725,leg_in_crunch
1604240877.2855687,0.9482421875,-0.4801025390625,-0.0377197265625,13.030534351145038,-38.595419847328245,-52.48854961832061,leg_in_crunch
1604240877.3255687,1.00146484375,-0.4815673828125,-0.0213623046875,8.251908396946565,-48.68702290076336,-53.00763358778626,leg_in_crunch
1604240877.3655686,0.97998046875,-0.4630126953125,-0.1436767578125,10.770992366412214,-45.85496183206107,-41.61068702290076,leg_in_crunch
1604240877.4055686,1.016845703125,-0.4852294921875,-0.1258544921875,7.66412213740458,-34.41984732824427,-46.534351145038165,leg_in_crunch
1604240877.4455686,0.90771484375,-0.4639892578125,-0.1807861328125,1.4580152671755726,-6.358778625954199,-42.70992366412214,leg_in_crunch
1604240877.4855685,0.991455078125,-0.4869384765625,-0.1087646484375,-7.32824427480916,16.61832061068702,-39.6412213740458,leg_in_crunch
1604240877.5255685,0.923095703125,-0.4903564453125,-0.1798095703125,-1.816793893129771,21.99236641221374,-61.778625954198475,leg_in_crunch
1604240877.5655684,0.99853515625,-0.4862060546875,-0.0611572265625,0.5267175572519084,20.908396946564885,-36.83969465648855,leg_in_crunch
1604240877.6055684,1.034423828125,-0.3878173828125,0.024658203125,2.5572519083969465,26.35114503816794,-45.091603053435115,leg_in_crunch
1604240877.6455684,0.967041015625,-0.2689208984375,0.081787109375,0.7022900763358778,14.641221374045802,-40.25190839694657,leg_in_crunch
1604240877.6855683,0.94091796875,-0.3494873046875,0.055419921875,-8.633587786259541,2.4885496183206106,-16.923664122137403,leg_in_crunch
1604240877.7255683,0.88330078125,-0.3460693359375,0.08447265625,-19.793893129770993,-26.19083969465649,-7.2748091603053435,leg_in_crunch
1604240877.7655683,0.8876953125,-0.2808837890625,-0.2149658203125,-18.27480916030534,-55.66412213740458,-5.061068702290076,leg_in_crunch
1604240877.8055682,1.09375,-0.3948974609375,-0.1070556640625,-15.977099236641221,-43.595419847328245,-10.549618320610687,leg_in_crunch
1604240877.8455682,1.039794921875,-0.3377685546875,-0.1749267578125,-12.694656488549619,-19.870229007633586,-33.656488549618324,leg_in_crunch
1604240877.8855681,0.982177734375,-0.2462158203125,-0.2476806640625,-6.740458015267175,10.045801526717558,-30.366412213740457,leg_in_crunch
1604240877.925568,0.992431640625,-0.3089599609375,-0.1290283203125,-5.450381679389313,5.435114503816794,-33.770992366412216,leg_in_crunch
1604240877.965568,0.98291015625,-0.2244873046875,-0.1612548828125,-0.3969465648854962,-4.038167938931298,-30.870229007633586,leg_in_crunch
1604240878.005568,1.086181640625,-0.2186279296875,-0.1641845703125,0.030534351145038167,-7.465648854961832,-26.396946564885496,leg_in_crunch
1604240878.045568,1.126708984375,-0.1986083984375,-0.1881103515625,-3.8473282442748094,1.183206106870229,-21.236641221374047,leg_in_crunch
1604240878.085568,1.222412109375,-0.2408447265625,-0.1673583984375,-5.977099236641221,14.541984732824428,-11.145038167938932,leg_in_crunch
1604240878.125568,1.275390625,-0.1275634765625,-0.2169189453125,-7.251908396946565,13.083969465648854,2.2900763358778624,leg_in_crunch
1604240878.1655679,1.369384765625,-0.2579345703125,-0.1031494140625,-7.66412213740458,14.450381679389313,23.740458015267176,leg_in_crunch
1604240878.2055678,1.222412109375,-0.0836181640625,-0.1273193359375,0.9770992366412213,5.572519083969466,45.38931297709924,leg_in_crunch
1604240878.2455678,1.17333984375,-0.1820068359375,-0.0484619140625,13.534351145038167,5.923664122137405,83.8854961832061,leg_in_crunch
1604240878.2855678,1.08837890625,-0.1920166015625,-0.1314697265625,4.374045801526718,31.19083969465649,97.96946564885496,leg_in_crunch
1604240878.3255677,1.063232421875,-0.2589111328125,-0.0867919921875,6.572519083969466,27.595419847328245,111.53435114503817,leg_in_crunch
1604240878.3655677,0.974365234375,-0.2825927734375,-0.0826416015625,5.6106870229007635,42.63358778625954,114.49618320610686,leg_in_crunch
1604240878.4055676,0.891845703125,-0.4080810546875,-0.0113525390625,14.49618320610687,41.458015267175576,111.45038167938931,leg_in_crunch
1604240878.4455676,0.78076171875,-0.4378662109375,-0.0086669921875,14.86259541984733,26.99236641221374,114.16030534351145,leg_in_crunch
1604240878.4855676,0.647216796875,-0.4791259765625,-0.0338134765625,13.335877862595419,25.33587786259542,115.21374045801527,leg_in_crunch
1604240878.5255675,0.66357421875,-0.6427001953125,0.0888671875,30.198473282442748,-3.6946564885496183,106.96946564885496,leg_in_crunch
1604240878.5655675,0.634033203125,-0.7381591796875,0.01123046875,23.83969465648855,7.099236641221374,88.34351145038168,leg_in_crunch
1604240878.6055675,0.165283203125,-0.5025634765625,0.3916015625,-1.0610687022900764,-74.06870229007633,121.77099236641222,leg_in_crunch
1604240878.6455674,0.49365234375,-0.7962646484375,0.115478515625,1.5190839694656488,14.977099236641221,34.29007633587786,leg_in_crunch
1604240878.6855674,0.372314453125,-0.9127197265625,0.10791015625,-5.435114503816794,-2.450381679389313,14.625954198473282,leg_in_crunch
1604240878.7255673,0.487060546875,-0.9471435546875,0.122802734375,-11.374045801526718,5.0534351145038165,0.08396946564885496,leg_in_crunch
1604240878.7655673,0.4404296875,-0.9451904296875,0.068603515625,-1.3206106870229009,7.0,-8.702290076335878,leg_in_crunch
1604240878.8055673,0.4775390625,-0.8800048828125,0.11376953125,3.7099236641221376,-0.5190839694656488,-11.725190839694656,leg_in_crunch
1604240878.8455672,0.56005859375,-0.8575439453125,0.073486328125,9.290076335877863,-7.0458015267175576,-15.618320610687023,leg_in_crunch
1604240878.8855672,0.6220703125,-0.8289794921875,0.041748046875,9.648854961832061,3.7786259541984735,-19.931297709923665,leg_in_crunch
1604240878.9255672,0.641357421875,-0.7742919921875,0.05078125,13.038167938931299,3.8931297709923665,-28.801526717557252,leg_in_crunch
1604240878.965567,0.6708984375,-0.7432861328125,0.1337890625,9.86259541984733,5.709923664122138,-32.00763358778626,leg_in_crunch
1604240879.005567,0.6689453125,-0.7672119140625,0.095947265625,14.48091603053435,7.33587786259542,-39.908396946564885,leg_in_crunch
1604240879.045567,0.63525390625,-0.7664794921875,0.1708984375,13.473282442748092,-10.931297709923664,-45.17557251908397,leg_in_crunch
1604240879.085567,0.734130859375,-0.6925048828125,0.138427734375,10.786259541984732,-8.419847328244275,-48.06106870229008,leg_in_crunch
1604240879.125567,0.684814453125,-0.6685791015625,0.07080078125,12.98473282442748,-11.297709923664122,-51.847328244274806,leg_in_crunch
1604240879.165567,0.7333984375,-0.6446533203125,0.223388671875,15.244274809160306,-34.88549618320611,-52.37404580152672,leg_in_crunch
1604240879.205567,0.720947265625,-0.5782470703125,0.08154296875,7.488549618320611,-34.9236641221374,-53.916030534351144,leg_in_crunch
1604240879.2455668,0.710693359375,-0.5318603515625,0.21923828125,13.603053435114504,-75.54961832061069,-51.98473282442748,leg_in_crunch
1604240879.2855668,0.8173828125,-0.4305419921875,-0.0572509765625,-1.6717557251908397,-50.213740458015266,-56.11450381679389,leg_in_crunch
1604240879.3255668,0.928466796875,-0.4793701171875,0.093994140625,1.6641221374045803,-70.20610687022901,-65.1145038167939,leg_in_crunch
1604240879.3655667,0.841796875,-0.4503173828125,-0.2152099609375,11.709923664122137,-55.87022900763359,-66.03053435114504,leg_in_crunch
1604240879.4055667,1.14794921875,-0.4395751953125,-0.0523681640625,-6.114503816793893,-19.6793893129771,-56.57251908396947,leg_in_crunch
1604240879.4455667,0.855712890625,-0.4031982421875,-0.0689697265625,-3.267175572519084,-1.0458015267175573,-76.08396946564885,leg_in_crunch
1604240879.4855666,1.30419921875,-0.3795166015625,-0.1094970703125,-11.15267175572519,33.587786259541986,-43.20610687022901,leg_in_crunch
1604240879.5255666,0.9833984375,-0.3646240234375,-0.0128173828125,-11.297709923664122,48.786259541984734,-56.94656488549618,leg_in_crunch
1604240879.5655665,0.962158203125,-0.2218017578125,0.07275390625,-12.641221374045802,13.610687022900763,-29.793893129770993,leg_in_crunch
1604240879.6055665,0.904052734375,-0.2681884765625,0.10498046875,-29.244274809160306,-18.610687022900763,-19.770992366412212,leg_in_crunch
1604240879.6455665,0.924560546875,-0.2930908203125,-0.0008544921875,-26.198473282442748,-47.70992366412214,-4.961832061068702,leg_in_crunch
1604240879.6855664,1.138916015625,-0.3880615234375,-0.1761474609375,-22.541984732824428,-50.3206106870229,-8.099236641221374,leg_in_crunch
1604240879.7255664,1.0869140625,-0.3575439453125,-0.1436767578125,-19.16793893129771,-17.0381679389313,-16.99236641221374,leg_in_crunch
1604240879.7655663,0.947021484375,-0.3267822265625,-0.2015380859375,-14.129770992366412,-10.816793893129772,-27.33587786259542,leg_in_crunch
1604240879.8055663,0.999267578125,-0.3018798828125,-0.1309814453125,-13.65648854961832,-2.435114503816794,-27.045801526717558,leg_in_crunch
1604240879.8455663,0.96435546875,-0.3079833984375,-0.1556396484375,-7.267175572519084,-0.5572519083969466,-25.595419847328245,leg_in_crunch
1604240879.8855662,0.947998046875,-0.2286376953125,-0.1292724609375,-3.4580152671755724,-12.931297709923664,-23.33587786259542,leg_in_crunch
1604240879.9255662,1.064697265625,-0.2503662109375,-0.1378173828125,-2.236641221374046,-6.641221374045801,-25.53435114503817,leg_in_crunch
1604240879.9655662,1.066162109375,-0.1988525390625,-0.1807861328125,-4.183206106870229,-2.8091603053435112,-18.61832061068702,leg_in_crunch
1604240880.0055661,1.19873046875,-0.2359619140625,-0.1925048828125,-4.564885496183206,5.603053435114504,-10.51908396946565,leg_in_crunch
1604240880.045566,1.3173828125,-0.1663818359375,-0.1776123046875,-9.50381679389313,11.870229007633588,4.687022900763359,leg_in_crunch
1604240880.085566,1.2666015625,-0.1854248046875,-0.1915283203125,-8.267175572519085,22.061068702290076,16.53435114503817,leg_in_crunch
1604240880.125566,1.428466796875,-0.2169189453125,-0.1925048828125,17.419847328244273,94.58015267175573,82.40458015267176,leg_in_crunch
1604240880.165566,1.195068359375,-0.1370849609375,-0.0269775390625,12.83969465648855,17.17557251908397,65.65648854961832,leg_in_crunch
1604240880.205566,1.08203125,-0.1539306640625,-0.0423583984375,8.251908396946565,3.0610687022900764,88.21374045801527,leg_in_crunch
1604240880.245566,1.18017578125,-0.1458740234375,-0.1939697265625,7.122137404580153,36.87022900763359,123.58778625954199,leg_in_crunch
1604240880.2855659,1.117431640625,-0.2318115234375,-0.0555419921875,11.236641221374045,47.38931297709924,118.22900763358778,leg_in_crunch
1604240880.3255658,0.969482421875,-0.3309326171875,-0.1195068359375,24.442748091603054,49.41984732824427,123.3969465648855,leg_in_crunch
1604240880.3655658,-0.0616455078125,-0.2359619140625,0.2841796875,4.740458015267175,-34.42748091603053,178.17557251908397,leg_in_crunch
1604240880.4055657,0.7314453125,-0.5809326171875,0.160888671875,25.48854961832061,40.79389312977099,122.99236641221374,leg_in_crunch
1604240880.4455657,0.4931640625,-0.6290283203125,0.0810546875,23.732824427480917,24.221374045801525,125.27480916030534,leg_in_crunch
1604240880.4855657,0.552490234375,-0.6458740234375,0.076904296875,31.435114503816795,14.32824427480916,100.90076335877863,leg_in_crunch
1604240880.5255656,1.99993896484375,-1.5052490234375,-0.1954345703125,25.0381679389313,13.664122137404581,64.36641221374046,leg_in_crunch
1604240880.5655656,0.39697265625,-0.7816162109375,0.20556640625,9.351145038167939,33.6412213740458,40.19083969465649,leg_in_crunch
1604240880.6055655,0.2646484375,-0.9224853515625,0.357666015625,-10.763358778625955,3.450381679389313,17.389312977099237,leg_in_crunch
1604240880.6455655,0.34130859375,-0.9276123046875,0.14013671875,-23.389312977099237,5.519083969465649,-4.8320610687022905,leg_in_crunch
1604240880.6855655,0.3740234375,-0.9398193359375,0.1279296875,-20.435114503816795,2.633587786259542,-14.541984732824428,leg_in_crunch
1604240880.7255654,0.492431640625,-0.9132080078125,0.077880859375,-3.572519083969466,-9.465648854961833,-15.541984732824428,leg_in_crunch
1604240880.7655654,0.585693359375,-0.9129638671875,0.070556640625,9.15267175572519,-13.122137404580153,-16.129770992366414,leg_in_crunch
1604240880.8055654,0.612548828125,-0.8475341796875,0.0966796875,10.625954198473282,-9.419847328244275,-19.35114503816794,leg_in_crunch
1604240880.8455653,0.5341796875,-0.7657470703125,0.20361328125,5.572519083969466,-11.900763358778626,-28.267175572519083,leg_in_crunch
1604240880.8855653,0.493896484375,-0.7762451171875,0.142333984375,-0.6259541984732825,-11.022900763358779,-40.29007633587786,leg_in_crunch
1604240880.9255652,0.4892578125,-0.7628173828125,0.1455078125,0.8854961832061069,-30.557251908396946,-55.55725190839695,leg_in_crunch
1604240880.9655652,0.64111328125,-0.7545166015625,0.1611328125,-7.152671755725191,-29.27480916030534,-56.99236641221374,leg_in_crunch
1604240881.0055652,0.673583984375,-0.6793212890625,0.154052734375,-4.893129770992366,-25.213740458015266,-71.35114503816794,leg_in_crunch
1604240881.0455651,0.645751953125,-0.6673583984375,0.1357421875,-8.687022900763358,-28.87786259541985,-71.41984732824427,leg_in_crunch
1604240881.085565,0.6533203125,-0.6102294921875,0.075439453125,2.7709923664122136,-57.80152671755725,-72.45801526717557,leg_in_crunch
1604240881.125565,0.766357421875,-0.4859619140625,-0.1239013671875,1.4427480916030535,-64.59541984732824,-74.13740458015268,leg_in_crunch
1604240881.165565,0.915771484375,-0.5181884765625,0.000244140625,12.16030534351145,-92.65648854961832,-74.0381679389313,leg_in_crunch
1604240881.205565,0.92236328125,-0.4195556640625,-0.2232666015625,11.34351145038168,-74.62595419847328,-77.22900763358778,leg_in_crunch
1604240881.245565,1.072265625,-0.4249267578125,-0.1595458984375,2.8244274809160306,-38.62595419847328,-73.50381679389314,leg_in_crunch
1604240881.285565,0.965087890625,-0.3470458984375,-0.1451416015625,-8.625954198473282,12.793893129770993,-88.35114503816794,leg_in_crunch
1604240881.3255649,1.203369140625,-0.3536376953125,-0.1087646484375,-12.572519083969466,22.16030534351145,-59.35114503816794,leg_in_crunch
1604240881.3655648,0.964599609375,-0.4007568359375,0.032958984375,-7.458015267175573,17.129770992366414,-49.091603053435115,leg_in_crunch
1604240881.4055648,1.124267578125,-0.2459716796875,-0.0233154296875,-6.656488549618321,-7.587786259541985,-42.87022900763359,leg_in_crunch
1604240881.4455647,0.99365234375,-0.2738037109375,0.042724609375,-20.793893129770993,-27.33587786259542,-8.854961832061068,leg_in_crunch
1604240881.4855647,1.05029296875,-0.3502197265625,-0.1412353515625,-28.045801526717558,-30.48854961832061,-2.49618320610687,leg_in_crunch
1604240881.5255647,1.15234375,-0.3612060546875,-0.2384033203125,-24.442748091603054,-22.366412213740457,1.1374045801526718,leg_in_crunch
1604240881.5655646,1.13720703125,-0.3502197265625,-0.1949462890625,-18.53435114503817,17.022900763358777,-4.572519083969466,leg_in_crunch
1604240881.6055646,0.938720703125,-0.3328857421875,-0.1676025390625,-15.312977099236642,29.557251908396946,-17.244274809160306,leg_in_crunch
1604240881.6455646,0.916748046875,-0.2913818359375,-0.0692138671875,-18.65648854961832,16.442748091603054,-13.938931297709924,leg_in_crunch
1604240881.6855645,0.9453125,-0.3067626953125,-0.0877685546875,-17.870229007633586,15.106870229007633,-17.85496183206107,leg_in_crunch
1604240881.7255645,0.921142578125,-0.2835693359375,-0.0972900390625,-16.229007633587788,-6.282442748091603,-14.541984732824428,leg_in_crunch
1604240881.7655644,0.984375,-0.2523193359375,-0.1458740234375,-11.770992366412214,-9.244274809160306,-18.106870229007633,leg_in_crunch
1604240881.8055644,1.042236328125,-0.2777099609375,-0.1163330078125,-7.99236641221374,4.893129770992366,-23.358778625954198,leg_in_crunch
1604240881.8455644,1.0517578125,-0.2174072265625,-0.1456298828125,-7.290076335877862,1.916030534351145,-20.3206106870229,leg_in_crunch
1604240881.8855643,1.212646484375,-0.2403564453125,-0.1358642578125,-10.67175572519084,2.4122137404580153,-7.259541984732825,leg_in_crunch
1604240881.9255643,1.368896484375,-0.2762451171875,-0.0985107421875,-17.358778625954198,25.282442748091604,22.549618320610687,leg_in_crunch
1604240881.9655643,1.3076171875,-0.2442626953125,-0.0550537109375,-6.374045801526718,18.213740458015266,39.67175572519084,leg_in_crunch
1604240882.0055642,1.106201171875,-0.1458740234375,-0.0347900390625,-8.625954198473282,3.33587786259542,61.23664122137404,leg_in_crunch
1604240882.0455642,1.0693359375,-0.2034912109375,-0.1485595703125,-9.885496183206106,-7.435114503816794,85.12213740458016,leg_in_crunch
1604240882.0855641,1.195068359375,-0.2130126953125,-0.1644287109375,-6.152671755725191,21.946564885496183,118.86259541984732,leg_in_crunch
1604240882.125564,1.142578125,-0.3487548828125,-0.1771240234375,0.46564885496183206,44.44274809160305,122.09923664122137,leg_in_crunch
1604240882.165564,1.008056640625,-0.3580322265625,-0.1214599609375,6.67175572519084,41.045801526717554,122.81679389312977,leg_in_crunch
1604240882.205564,0.871337890625,-0.4034423828125,-0.1146240234375,18.69465648854962,30.6793893129771,124.64885496183206,leg_in_crunch
1604240882.245564,0.7421875,-0.4588623046875,-0.0269775390625,15.564885496183207,11.351145038167939,132.3587786259542,leg_in_crunch
1604240882.285564,1.64208984375,-0.5755615234375,0.182861328125,35.69465648854962,-19.18320610687023,123.0,leg_in_crunch
1604240882.325564,0.618408203125,-0.6795654296875,-0.0084228515625,29.0381679389313,-11.694656488549619,110.0381679389313,leg_in_crunch
1604240882.3655639,0.6376953125,-0.6854248046875,0.033447265625,18.748091603053435,21.282442748091604,86.42748091603053,leg_in_crunch
1604240882.4055638,0.37646484375,-0.6226806640625,-0.0218505859375,5.320610687022901,51.12977099236641,55.63358778625954,leg_in_crunch
1604240882.4455638,0.068359375,-0.9010009765625,0.19189453125,-5.801526717557252,3.0916030534351147,28.984732824427482,leg_in_crunch
1604240882.4855638,0.2900390625,-0.9332275390625,0.029296875,-18.671755725190838,-10.358778625954198,3.572519083969466,leg_in_crunch
1604240882.5255637,0.318359375,-0.9989013671875,0.00244140625,-29.450381679389313,1.450381679389313,-16.717557251908396,leg_in_crunch
1604240882.5655637,0.401123046875,-0.9722900390625,-0.0247802734375,-14.83206106870229,0.0,-29.610687022900763,leg_in_crunch
1604240882.6055636,0.425537109375,-0.9508056640625,-0.0238037109375,-7.061068702290076,-5.091603053435114,-39.43511450381679,leg_in_crunch
1604240882.6455636,0.561767578125,-0.8265380859375,-0.0377197265625,-1.0687022900763359,-3.2595419847328246,-49.38167938931298,leg_in_crunch
1604240882.6855636,0.580810546875,-0.8214111328125,-0.0062255859375,4.763358778625954,-5.4961832061068705,-56.94656488549618,leg_in_crunch
1604240882.7255635,0.610595703125,-0.7288818359375,-0.0501708984375,3.3435114503816794,-3.6946564885496183,-67.4885496183206,leg_in_crunch
1604240882.7655635,0.727294921875,-0.7137451171875,0.00830078125,7.625954198473282,-9.900763358778626,-72.17557251908397,leg_in_crunch
1604240882.8055634,0.712158203125,-0.6531982421875,-0.0662841796875,10.473282442748092,-3.366412213740458,-71.56488549618321,leg_in_crunch
1604240882.8455634,0.7529296875,-0.6287841796875,-0.0330810546875,18.213740458015266,-15.396946564885496,-73.57251908396947,leg_in_crunch
1604240882.8855634,0.786865234375,-0.5445556640625,-0.0484619140625,21.564885496183205,-29.0381679389313,-69.30534351145039,leg_in_crunch
1604240882.9255633,0.87353515625,-0.4871826171875,-0.0831298828125,22.389312977099237,-45.404580152671755,-64.45801526717557,leg_in_crunch
1604240882.9655633,0.939453125,-0.4945068359375,0.051513671875,7.5038167938931295,-53.54961832061068,-66.19083969465649,leg_in_crunch
1604240883.0055633,0.890869140625,-0.3853759765625,-0.1392822265625,8.122137404580153,-61.282442748091604,-57.63358778625954,leg_in_crunch
1604240883.0455632,0.992919921875,-0.4525146484375,-0.1419677734375,1.8778625954198473,-48.534351145038165,-54.49618320610687,leg_in_crunch
1604240883.0855632,1.0693359375,-0.4178466796875,-0.2008056640625,5.587786259541985,-22.52671755725191,-47.55725190839695,leg_in_crunch
1604240883.1255631,1.0361328125,-0.4342041015625,-0.0709228515625,-0.030534351145038167,7.091603053435114,-53.89312977099237,leg_in_crunch
1604240883.165563,0.989990234375,-0.5076904296875,-0.1895751953125,-0.19083969465648856,14.083969465648854,-44.52671755725191,leg_in_crunch
1604240883.205563,1.05908203125,-0.3795166015625,-0.1156005859375,-1.984732824427481,23.977099236641223,-44.916030534351144,leg_in_crunch
1604240883.245563,1.01904296875,-0.3653564453125,-0.0582275390625,0.3282442748091603,1.1221374045801527,-24.977099236641223,leg_in_crunch
1604240883.285563,1.149169921875,-0.4044189453125,-0.0355224609375,-2.9160305343511452,14.274809160305344,-12.587786259541986,leg_in_crunch
1604240883.325563,0.9970703125,-0.3477783203125,0.005126953125,-6.549618320610687,15.374045801526718,-13.106870229007633,leg_in_crunch
1604240883.365563,0.848876953125,-0.3465576171875,-0.0826416015625,-5.893129770992366,-4.572519083969466,-3.435114503816794,leg_in_crunch
1604240883.4055629,0.867431640625,-0.3489990234375,-0.0675048828125,-12.694656488549619,-18.366412213740457,-3.2061068702290076,leg_in_crunch
1604240883.4455628,0.964599609375,-0.3392333984375,-0.1307373046875,-15.625954198473282,-21.96946564885496,-14.84732824427481,leg_in_crunch
1604240883.4855628,0.997802734375,-0.3585205078125,-0.1207275390625,-8.961832061068701,-8.0,-27.3206106870229,leg_in_crunch
1604240883.5255628,0.99169921875,-0.2979736328125,-0.1534423828125,-10.603053435114504,2.9770992366412212,-28.389312977099237,leg_in_crunch
1604240883.5655627,0.956298828125,-0.2938232421875,-0.0657958984375,-6.587786259541985,4.633587786259542,-35.82442748091603,leg_in_crunch
1604240883.6055627,0.968994140625,-0.2196044921875,-0.1466064453125,-7.396946564885496,-7.450381679389313,-33.63358778625954,leg_in_crunch
1604240883.6455626,1.074462890625,-0.2286376953125,-0.1551513671875,-4.877862595419847,-4.961832061068702,-30.458015267175572,leg_in_crunch
1604240883.6855626,1.168701171875,-0.2628173828125,-0.1888427734375,-6.549618320610687,7.526717557251908,-18.34351145038168,leg_in_crunch
1604240883.7255626,1.271484375,-0.2540283203125,-0.0545654296875,-8.923664122137405,14.854961832061068,7.587786259541985,leg_in_crunch
1604240883.7655625,1.28271484375,-0.1937255859375,-0.0784912109375,-13.251908396946565,2.5343511450381677,34.35114503816794,leg_in_crunch
1604240883.8055625,1.348876953125,-0.1912841796875,-0.1099853515625,-14.213740458015268,0.5725190839694656,66.0,leg_in_crunch
1604240883.8455625,1.27685546875,-0.2489013671875,-0.1724853515625,-7.198473282442748,2.954198473282443,91.58015267175573,leg_in_crunch
1604240883.8855624,1.25634765625,-0.2210693359375,-0.1807861328125,-5.870229007633588,34.67175572519084,115.54198473282443,leg_in_crunch
1604240883.9255624,0.99072265625,-0.3211669921875,-0.1485595703125,9.541984732824428,32.55725190839695,123.86259541984732,leg_in_crunch
1604240883.9655623,0.948974609375,-0.3131103515625,-0.1378173828125,10.106870229007633,34.47328244274809,126.80916030534351,leg_in_crunch
1604240884.0055623,0.90380859375,-0.3529052734375,-0.1697998046875,16.16030534351145,41.30534351145038,125.69465648854961,leg_in_crunch
1604240884.0455623,0.69482421875,-0.4566650390625,-0.0128173828125,13.633587786259541,29.50381679389313,124.95419847328245,leg_in_crunch
1604240884.0855622,0.230712890625,-0.4373779296875,0.551513671875,-2.366412213740458,-83.66412213740458,180.0381679389313,leg_in_crunch
1604240884.1255622,0.647216796875,-0.6390380859375,-0.0023193359375,33.35114503816794,-6.259541984732825,113.58778625954199,leg_in_crunch
1604240884.1655622,0.615234375,-0.6815185546875,0.1044921875,14.86259541984733,-14.404580152671755,81.95419847328245,leg_in_crunch
1604240884.205562,0.349365234375,-0.7999267578125,0.045654296875,7.717557251908397,30.66412213740458,39.44274809160305,leg_in_crunch
1604240884.245562,0.189208984375,-0.9508056640625,0.1513671875,-3.1908396946564888,-3.519083969465649,13.442748091603054,leg_in_crunch
1604240884.285562,0.253662109375,-0.9666748046875,0.03271484375,-18.51145038167939,-3.7480916030534353,-20.045801526717558,leg_in_crunch
1604240884.325562,0.27978515625,-1.0001220703125,0.0400390625,-8.19083969465649,-2.900763358778626,-38.221374045801525,leg_in_crunch
1604240884.365562,0.43896484375,-0.9669189453125,0.06689453125,-6.564885496183206,-1.9389312977099236,-39.61068702290076,leg_in_crunch
1604240884.405562,0.492919921875,-0.8831787109375,0.041259765625,-1.549618320610687,4.076335877862595,-41.42748091603053,leg_in_crunch
1604240884.445562,0.6044921875,-0.8184814453125,0.02880859375,4.885496183206107,-5.656488549618321,-43.587786259541986,leg_in_crunch
1604240884.4855618,0.7216796875,-0.7430419921875,0.039794921875,6.267175572519084,-7.00763358778626,-50.3206106870229,leg_in_crunch
1604240884.5255618,0.7392578125,-0.6673583984375,0.0009765625,9.992366412213741,2.381679389312977,-57.41984732824427,leg_in_crunch
1604240884.5655618,0.72802734375,-0.6571044921875,0.08544921875,9.755725190839694,-10.335877862595419,-67.34351145038168,leg_in_crunch
1604240884.6055617,0.7138671875,-0.5843505859375,-0.0101318359375,13.961832061068701,-20.458015267175572,-63.274809160305345,leg_in_crunch
1604240884.6455617,0.777587890625,-0.5726318359375,0.0166015625,18.885496183206108,-33.31297709923664,-66.32824427480917,leg_in_crunch
1604240884.6855617,0.878173828125,-0.5379638671875,0.131103515625,4.0458015267175576,-41.13740458015267,-68.22137404580153,leg_in_crunch
1604240884.7255616,0.859375,-0.4234619140625,0.02392578125,10.473282442748092,-52.847328244274806,-56.89312977099237,leg_in_crunch
1604240884.7655616,0.888671875,-0.4525146484375,-0.0762939453125,23.290076335877863,-79.29770992366412,-54.29770992366412,leg_in_crunch
1604240884.8055615,1.05419921875,-0.3997802734375,-0.1405029296875,7.343511450381679,-65.47328244274809,-48.81679389312977,leg_in_crunch
1604240884.8455615,1.052978515625,-0.4049072265625,-0.1270751953125,-3.427480916030534,-38.33587786259542,-50.267175572519086,leg_in_crunch
1604240884.8855615,0.998779296875,-0.4390869140625,-0.1927490234375,-4.221374045801527,-8.213740458015268,-46.20610687022901,leg_in_crunch
1604240884.9255614,1.062744140625,-0.4285888671875,-0.1373291015625,-2.954198473282443,10.030534351145038,-36.541984732824424,leg_in_crunch
1604240884.9655614,0.9482421875,-0.4815673828125,-0.1483154296875,-5.32824427480916,22.244274809160306,-44.54961832061068,leg_in_crunch
1604240885.0055614,1.029296875,-0.4036865234375,-0.0826416015625,0.25190839694656486,24.65648854961832,-35.717557251908396,leg_in_crunch
1604240885.0455613,1.00927734375,-0.4061279296875,-0.0489501953125,1.183206106870229,12.34351145038168,-25.778625954198475,leg_in_crunch
1604240885.0855613,1.014404296875,-0.3204345703125,0.021240234375,-2.3435114503816794,11.473282442748092,-29.916030534351144,leg_in_crunch
1604240885.1255612,0.987060546875,-0.2996826171875,0.005126953125,-4.549618320610687,3.236641221374046,-14.419847328244275,leg_in_crunch
1604240885.1655612,0.95654296875,-0.3355712890625,-0.0064697265625,-11.129770992366412,-15.267175572519085,-4.396946564885496,leg_in_crunch
1604240885.2055612,0.994140625,-0.3394775390625,-0.1024169921875,-14.534351145038167,-20.954198473282442,-0.5190839694656488,leg_in_crunch
1604240885.2455611,1.0087890625,-0.3272705078125,-0.1444091796875,-17.38167938931298,-8.900763358778626,-2.5267175572519083,leg_in_crunch
1604240885.285561,1.023193359375,-0.3402099609375,-0.1026611328125,-11.297709923664122,-0.9618320610687023,-11.351145038167939,leg_in_crunch
1604240885.325561,0.9248046875,-0.2867431640625,-0.0863037109375,-14.122137404580153,11.633587786259541,-20.374045801526716,leg_in_crunch
1604240885.365561,0.818603515625,-0.2410888671875,-0.0457763671875,-16.6793893129771,0.8702290076335878,-31.229007633587788,leg_in_crunch
1604240885.405561,0.887939453125,-0.2369384765625,-0.1265869140625,-14.335877862595419,-17.84732824427481,-27.96946564885496,leg_in_crunch
1604240885.445561,1.0859375,-0.3172607421875,-0.0880126953125,-13.778625954198473,-8.183206106870228,-34.81679389312977,leg_in_crunch
1604240885.485561,1.01220703125,-0.2677001953125,-0.2525634765625,-6.709923664122138,-6.580152671755725,-39.98473282442748,leg_in_crunch
1604240885.5255609,1.1572265625,-0.2098388671875,-0.1883544921875,-2.068702290076336,6.534351145038168,-31.419847328244273,leg_in_crunch
1604240885.5655608,1.2109375,-0.2044677734375,-0.1072998046875,-3.122137404580153,15.083969465648854,-19.641221374045802,leg_in_crunch
1604240885.6055608,1.24658203125,-0.1802978515625,-0.1842041015625,-11.106870229007633,25.427480916030536,14.648854961832061,leg_in_crunch
1604240885.6455607,1.34375,-0.1458740234375,-0.0233154296875,-13.091603053435115,17.564885496183205,39.282442748091604,leg_in_crunch
1604240885.6855607,1.317626953125,-0.1212158203125,-0.0523681640625,-7.511450381679389,-5.122137404580153,72.26717557251908,leg_in_crunch
1604240885.7255607,1.19287109375,-0.2017822265625,-0.1646728515625,-2.8625954198473282,-4.00763358778626,92.9618320610687,leg_in_crunch
1604240885.7655606,1.25146484375,-0.1512451171875,-0.1778564453125,-10.13740458015267,34.43511450381679,114.0381679389313,leg_in_crunch
1604240885.8055606,1.11181640625,-0.2825927734375,-0.2047119140625,3.7480916030534353,39.32824427480916,112.58015267175573,leg_in_crunch
1604240885.8455606,0.956787109375,-0.3021240234375,-0.0628662109375,6.8320610687022905,38.603053435114504,118.3206106870229,leg_in_crunch
1604240885.8855605,0.839111328125,-0.3172607421875,-0.0748291015625,4.641221374045801,40.221374045801525,117.9618320610687,leg_in_crunch
1604240885.9255605,0.6494140625,-0.4486083984375,-0.0802001953125,12.351145038167939,16.748091603053435,113.94656488549619,leg_in_crunch
1604240885.9655604,0.736083984375,-0.5650634765625,0.082763671875,14.13740458015267,-11.290076335877863,115.25954198473282,leg_in_crunch
1604240886.0055604,0.628662109375,-0.5909423828125,-0.0697021484375,15.870229007633588,13.061068702290076,98.94656488549619,leg_in_crunch
1604240886.0455604,0.647705078125,-0.6561279296875,0.01416015625,14.0,7.656488549618321,77.61068702290076,leg_in_crunch
1604240886.0855603,0.492431640625,-0.7352294921875,0.04833984375,0.5648854961832062,18.366412213740457,53.49618320610687,leg_in_crunch
1604240886.1255603,-1.9998779296875,-0.3636474609375,0.3642578125,12.374045801526718,41.0,20.786259541984734,leg_in_crunch
1604240886.1655602,0.47265625,-0.9276123046875,0.045166015625,-6.145038167938932,0.9236641221374046,17.610687022900763,leg_in_crunch
1604240886.2055602,0.416015625,-0.9149169921875,0.02587890625,-16.977099236641223,14.900763358778626,1.83206106870229,leg_in_crunch
1604240886.2455602,0.354736328125,-0.9351806640625,0.000244140625,-13.145038167938932,3.984732824427481,-14.335877862595419,leg_in_crunch
1604240886.2855601,0.430419921875,-0.9322509765625,0.015869140625,-5.183206106870229,-5.625954198473282,-26.748091603053435,leg_in_crunch
1604240886.32556,0.550537109375,-0.8489990234375,-0.0059814453125,5.343511450381679,-11.396946564885496,-37.47328244274809,leg_in_crunch
1604240886.36556,0.681640625,-0.7862548828125,-0.0072021484375,0.46564885496183206,-0.061068702290076333,-47.961832061068705,leg_in_crunch
1604240886.40556,0.667236328125,-0.7420654296875,0.06298828125,4.450381679389313,-2.8625954198473282,-53.66412213740458,leg_in_crunch
1604240886.44556,0.644287109375,-0.7218017578125,0.03125,1.7251908396946565,-13.19083969465649,-62.74809160305343,leg_in_crunch
1604240886.48556,0.660888671875,-0.6678466796875,-0.0389404296875,8.83206106870229,-18.259541984732824,-64.55725190839695,leg_in_crunch
1604240886.52556,0.73388671875,-0.6153564453125,0.119384765625,8.877862595419847,-36.98473282442748,-70.2824427480916,leg_in_crunch
1604240886.5655599,0.663330078125,-0.5706787109375,-0.1634521484375,20.580152671755727,-37.9236641221374,-72.80916030534351,leg_in_crunch
1604240886.6055598,0.83447265625,-0.4610595703125,0.042724609375,6.442748091603053,-79.80916030534351,-66.13740458015268,leg_in_crunch
1604240886.6455598,0.892822265625,-0.4537353515625,-0.0897216796875,17.03053435114504,-84.94656488549619,-82.66412213740458,leg_in_crunch
1604240886.6855597,1.00146484375,-0.4085693359375,-0.3900146484375,-3.2595419847328246,-21.740458015267176,-61.961832061068705,leg_in_crunch
1604240886.7255597,1.160400390625,-0.4644775390625,-0.1146240234375,2.885496183206107,-33.770992366412216,-62.70229007633588,leg_in_crunch
1604240886.7655597,0.88525390625,-0.4378662109375,-0.1856689453125,6.320610687022901,1.5648854961832062,-65.0,leg_in_crunch
1604240886.8055596,1.12353515625,-0.4097900390625,-0.1514892578125,1.6412213740458015,11.183206106870228,-56.62595419847328,leg_in_crunch
1604240886.8455596,1.045166015625,-0.3966064453125,-0.0994873046875,-1.8091603053435115,24.34351145038168,-47.31297709923664,leg_in_crunch
1604240886.8855596,1.0205078125,-0.3548583984375,-0.0863037109375,-4.732824427480916,8.488549618320612,-39.16793893129771,leg_in_crunch
1604240886.9255595,1.095703125,-0.2359619140625,-0.0677490234375,-5.1679389312977095,-1.6564885496183206,-28.83969465648855,leg_in_crunch
1604240886.9655595,1.03271484375,-0.3514404296875,0.01171875,-12.534351145038167,9.34351145038168,-16.549618320610687,leg_in_crunch
1604240887.0055594,0.987060546875,-0.3118896484375,-0.1351318359375,-13.748091603053435,-18.106870229007633,-3.099236641221374,leg_in_crunch
1604240887.0455594,1.0673828125,-0.3145751953125,-0.2052001953125,-18.603053435114504,-24.12213740458015,15.435114503816793,leg_in_crunch
1604240887.0855594,1.148681640625,-0.3311767578125,-0.1771240234375,-27.129770992366414,-1.5877862595419847,5.648854961832061,leg_in_crunch
1604240887.1255593,1.01953125,-0.2823486328125,-0.1319580078125,-14.900763358778626,24.572519083969464,-10.17557251908397,leg_in_crunch
1604240887.1655593,0.848388671875,-0.3179931640625,-0.0863037109375,-24.213740458015266,28.671755725190838,-10.49618320610687,leg_in_crunch
1604240887.2055593,0.82763671875,-0.2498779296875,-0.0472412109375,-15.366412213740459,7.732824427480916,-21.137404580152673,leg_in_crunch
1604240887.2455592,0.812744140625,-0.2679443359375,-0.0584716796875,-7.687022900763359,-21.442748091603054,-30.31297709923664,leg_in_crunch
1604240887.2855592,0.88134765625,-0.3201904296875,-0.1314697265625,-10.648854961832061,-25.946564885496183,-33.6793893129771,leg_in_crunch
1604240887.3255591,1.0751953125,-0.2305908203125,-0.2088623046875,-7.717557251908397,-20.87786259541985,-37.23664122137404,leg_in_crunch
1604240887.365559,1.260498046875,-0.3062744140625,-0.2039794921875,-1.7938931297709924,11.083969465648854,-34.89312977099237,leg_in_crunch
1604240887.405559,1.135009765625,-0.2725830078125,-0.2757568359375,-8.755725190839694,18.16030534351145,-24.213740458015266,leg_in_crunch
1604240887.445559,1.123291015625,-0.2020263671875,-0.1741943359375,-8.908396946564885,7.038167938931298,-10.702290076335878,leg_in_crunch
1604240887.485559,1.148193359375,-0.2088623046875,-0.1473388671875,-15.580152671755725,9.129770992366412,1.6030534351145038,leg_in_crunch
1604240887.525559,1.057861328125,-0.0968017578125,-0.0694580078125,-8.84732824427481,-8.778625954198473,14.030534351145038,leg_in_crunch
1604240887.565559,1.0732421875,-0.0899658203125,-0.0787353515625,-16.450381679389313,-11.427480916030534,25.778625954198475,leg_in_crunch
1604240887.6055589,1.044189453125,-0.1722412109375,-0.1968994140625,-0.33587786259541985,19.61832061068702,48.87022900763359,leg_in_crunch
1604240887.6455588,1.09130859375,-0.2296142578125,-0.2039794921875,-5.282442748091603,-10.48091603053435,49.38167938931298,leg_in_crunch
1604240887.6855588,1.03173828125,-0.2486572265625,-0.1622314453125,-3.5419847328244276,-1.6564885496183206,43.221374045801525,leg_in_crunch
1604240887.7255588,0.950927734375,-0.2755126953125,-0.1778564453125,-4.0458015267175576,1.3053435114503817,31.908396946564885,leg_in_crunch
1604240887.7655587,0.992919921875,-0.2882080078125,-0.1878662109375,-8.709923664122137,17.64885496183206,23.748091603053435,leg_in_crunch
1604240887.8055587,0.9501953125,-0.2696533203125,-0.1697998046875,-10.709923664122137,30.85496183206107,13.183206106870228,leg_in_crunch
1604240887.8455586,0.88623046875,-0.2579345703125,-0.1282958984375,-11.98473282442748,21.85496183206107,4.66412213740458,leg_in_crunch
1604240887.8855586,0.9345703125,-0.2598876953125,-0.1322021484375,-8.229007633587786,4.442748091603053,-5.587786259541985,leg_in_crunch
1604240887.9255586,1.0126953125,-0.2506103515625,-0.1771240234375,-8.15267175572519,2.572519083969466,-8.465648854961833,leg_in_crunch
1604240887.9655585,1.015380859375,-0.2332763671875,-0.1868896484375,0.0916030534351145,10.923664122137405,-15.664122137404581,leg_in_crunch
1604240888.0055585,1.109130859375,-0.2913818359375,-0.0919189453125,-5.9541984732824424,7.480916030534351,-15.603053435114504,leg_in_crunch
1604240888.0455585,1.040771484375,-0.2288818359375,-0.1026611328125,6.2748091603053435,20.022900763358777,-13.961832061068701,leg_in_crunch
1604240888.0855584,0.9951171875,-0.2322998046875,-0.0067138671875,1.099236641221374,13.877862595419847,-12.0,leg_in_crunch
1604240888.1255584,0.894775390625,-0.2479248046875,0.00244140625,3.8931297709923665,-1.9389312977099236,-7.305343511450381,leg_in_crunch
1604240888.1655583,1.04150390625,-0.2493896484375,-0.0848388671875,-1.3893129770992367,-8.16030534351145,-5.32824427480916,leg_in_crunch
1604240888.2055583,1.076416015625,-0.2503662109375,-0.0076904296875,-3.351145038167939,8.725190839694656,-8.442748091603054,leg_in_crunch
1604240888.2455583,1.05078125,-0.2393798828125,-0.0655517578125,0.16793893129770993,5.122137404580153,-8.13740458015267,leg_in_crunch
1604240888.2855582,1.03271484375,-0.2022705078125,-0.0494384765625,-2.1374045801526718,14.236641221374045,-7.198473282442748,leg_in_crunch
1604240888.3255582,1.02197265625,-0.1688232421875,-0.0396728515625,-3.4656488549618323,6.709923664122138,-6.022900763358779,leg_in_crunch
1604240888.3655581,0.997314453125,-0.1712646484375,-0.0325927734375,-5.67175572519084,4.931297709923665,-5.030534351145038,leg_in_crunch
1604240888.405558,1.0517578125,-0.1676025390625,-0.0440673828125,-4.206106870229007,3.6717557251908395,-2.4885496183206106,leg_in_crunch
1604240888.445558,1.0166015625,-0.2020263671875,-0.0340576171875,-6.374045801526718,2.969465648854962,-1.213740458015267,leg_in_crunch
1604240888.485558,1.0302734375,-0.2318115234375,-0.0111083984375,-9.526717557251908,0.8625954198473282,-2.198473282442748,leg_in_crunch
1604240888.525558,1.04296875,-0.2239990234375,-0.0706787109375,-9.282442748091603,2.969465648854962,-2.404580152671756,leg_in_crunch
1604240888.565558,0.990234375,-0.2291259765625,-0.0599365234375,-7.358778625954199,3.6030534351145036,-3.5572519083969465,leg_in_crunch
1604240888.605558,1.001953125,-0.2164306640625,-0.0592041015625,-5.824427480916031,-2.6793893129770994,-4.343511450381679,leg_in_crunch
1604240888.6455579,1.05517578125,-0.2161865234375,-0.0435791015625,-5.595419847328245,0.7786259541984732,-4.427480916030534,leg_in_crunch
1604240888.6855578,1.037109375,-0.2188720703125,-0.0526123046875,-5.732824427480916,2.7251908396946565,-3.5419847328244276,leg_in_crunch
1604240888.7255578,1.0390625,-0.2196044921875,-0.0755615234375,-4.114503816793893,-1.9312977099236641,-1.0763358778625953,leg_in_crunch
1604240888.7655578,1.05517578125,-0.2127685546875,-0.0677490234375,-2.969465648854962,-4.022900763358779,0.8015267175572519,leg_in_crunch
1604240888.8055577,1.023681640625,-0.2147216796875,-0.0748291015625,-1.9389312977099236,-0.32061068702290074,0.8015267175572519,leg_in_crunch
